{
    "data_source": {
        "asset": "csm_custxformxconsentderivednonkblog",
        "context_root_dir": "/Volumes/mdp{{env}}/artifact/data_quality/gx",
        "index_column_names": [
            "pos_dt",
            "lcustfcdrnkb_id_card",
            "lcustfcdrnkb_birth_date",
            "lcustfcdrnkb_doc_type",
            "lcustfcdrnkb_formappr_cd",
            "lcustfcdrnkb_upd_dt",
            "lcustfcdrnkb_upd_dt_l"
        ],
        "name": "csm"
    },
    "expectation_suites": [
        {
            "expectation_suite_name": "tech_vld_suite_persist_csm_csm_custxformxconsentderivednonkblog",
            "expectations": [
                {
                    "expectation_type": "expect_compound_columns_to_be_unique",
                    "kwargs": {
                        "column_list": [
                            "pos_dt",
                            "lcustfcdrnkb_id_card",
                            "lcustfcdrnkb_birth_date",
                            "lcustfcdrnkb_doc_type",
                            "lcustfcdrnkb_formappr_cd",
                            "lcustfcdrnkb_upd_dt",
                            "lcustfcdrnkb_upd_dt_l"
                        ]
                    },
                    "meta": {
                        "level": "WARNING",
                        "rule_id": "TECH_VLD_0001"
                    }
                },
                {
                    "expectation_type": "expect_column_values_to_not_be_null",
                    "kwargs": {
                        "column": "lcustfcdrnkb_id_card"
                    },
                    "meta": {
                        "level": "WARNING",
                        "rule_id": "TECH_VLD_0002"
                    }
                },
                {
                    "expectation_type": "expect_column_values_to_not_be_null",
                    "kwargs": {
                        "column": "lcustfcdrnkb_birth_date"
                    },
                    "meta": {
                        "level": "WARNING",
                        "rule_id": "TECH_VLD_0002"
                    }
                },
                {
                    "expectation_type": "expect_column_values_to_not_be_null",
                    "kwargs": {
                        "column": "lcustfcdrnkb_doc_type"
                    },
                    "meta": {
                        "level": "WARNING",
                        "rule_id": "TECH_VLD_0002"
                    }
                },
                {
                    "expectation_type": "expect_column_values_to_not_be_null",
                    "kwargs": {
                        "column": "lcustfcdrnkb_formappr_cd"
                    },
                    "meta": {
                        "level": "WARNING",
                        "rule_id": "TECH_VLD_0002"
                    }
                },
                {
                    "expectation_type": "expect_column_values_to_not_be_null",
                    "kwargs": {
                        "column": "lcustfcdrnkb_upd_user"
                    },
                    "meta": {
                        "level": "WARNING",
                        "rule_id": "TECH_VLD_0002"
                    }
                },
                {
                    "expectation_type": "expect_column_values_to_not_be_null",
                    "kwargs": {
                        "column": "lcustfcdrnkb_upd_dt"
                    },
                    "meta": {
                        "level": "WARNING",
                        "rule_id": "TECH_VLD_0002"
                    }
                },
                {
                    "expectation_type": "expect_column_values_to_not_be_null",
                    "kwargs": {
                        "column": "lcustfcdrnkb_upd_dt_group"
                    },
                    "meta": {
                        "level": "WARNING",
                        "rule_id": "TECH_VLD_0002"
                    }
                },
                {
                    "expectation_type": "expect_column_values_to_not_be_null",
                    "kwargs": {
                        "column": "lcustfcdrnkb_upd_user_l"
                    },
                    "meta": {
                        "level": "WARNING",
                        "rule_id": "TECH_VLD_0002"
                    }
                },
                {
                    "expectation_type": "expect_column_values_to_not_be_null",
                    "kwargs": {
                        "column": "lcustfcdrnkb_upd_dt_l"
                    },
                    "meta": {
                        "level": "WARNING",
                        "rule_id": "TECH_VLD_0002"
                    }
                }
            ]
        }
    ],
    "validators": [
        {
            "expectation_suite_name": "tech_vld_suite_persist_csm_csm_custxformxconsentderivednonkblog",
            "validator_name": "persist_csm_csm_custxformxconsentderivednonkblog_checkpoint"
        }
    ]
}