{
    "job_name": "ingest_mnul_cust_se_unknwn_idy_m",
    "pipeline_name": "IngestionPipeline",
    "job_info": {
        "source_name": "mnul",
        "source_system_id": "814",
        "area_name": "ingt_mnul_m",
        "raw_catalog_name": "mdp{{env}}",
        "raw_database_name": "raw_mnul",
        "raw_table_name": "mnul_cust_se_unknwn_idy",
        "persist_catalog_name": "mdp{{env}}",
        "persist_database_name": "persist_mnul",
        "persist_table_name": "mnul_cust_se_unknwn_idy"
    },
    "tasks": {
        "search_source_file_task": {
            "module_name": "GlobSearchSourcePathTask",
            "bypass_flag": "False",
            "parameters": {
                "base_directory": "/Volumes/mdp{{env}}/inbound/source_file/mdp/mnul/mnul_cust_se_unknwn_idy_{{ptn_yyyy}}{{ptn_mm}}{{ptn_dd}}.txt",
                "allow_empty_flag": "False"
            }
        },
        "read_source_file_task": {
            "module_name": "DelimitedSourceFileReaderTask",
            "bypass_flag": "False",
            "parameters": {
                "reader_options": {
                    "delimiter": "|",
                    "header": "True"
                }
            }
        },
        "transform_to_raw_task": {
            "module_name": "AddColumnsDataTnfmTask",
            "bypass_flag": "False",
            "parameters": {
                "system_column_type": "StandardSystemColumns"
            }
        },
        "load_to_raw_task": {
            "module_name": "FullDumpDataLoaderTask",
            "bypass_flag": "False",
            "parameters": {
                "target_catalog_name": "mdp{{env}}",
                "target_database_name": "raw_mnul",
                "target_table_name": "mnul_cust_se_unknwn_idy",
                "format": "parquet"
            }
        },
        "read_raw_from_table_task": {
            "module_name": "TableSourceReaderTask",
            "bypass_flag": "False",
            "parameters": {
                "target_catalog_name": "mdp{{env}}",
                "target_database_name": "raw_mnul",
                "target_table_name": "mnul_cust_se_unknwn_idy",
                "filter_cond": "ptn_yyyy = '{{ptn_yyyy}}' AND ptn_mm = '{{ptn_mm}}' AND ptn_dd = '{{ptn_dd}}'"
            }
        },
        "transform_to_persist_task": {
            "module_name": "IngtSpecDataTnfmTask",
            "bypass_flag": "False",
            "parameters": {
                "system_column_type": "StandardSystemColumns",
                "ingestion_spec_path": "/Volumes/mdp{{env}}/artifact/mapping/mdp/ingest/mnul/ingest_spec_mnul_cust_se_unknwn_idy.json"
            }
        },
        "load_to_persist_task": {
            "module_name": "FullDumpDataLoaderTask",
            "bypass_flag": "False",
            "parameters": {
                "target_catalog_name": "mdp{{env}}",
                "target_database_name": "persist_mnul",
                "target_table_name": "mnul_cust_se_unknwn_idy"
            }
        },
        "record_count_check_task": {
            "module_name": "IngestionRecordCountCheckTask",
            "bypass_flag": "False",
            "parameters": {
                "raw_database_table": "mdp{{env}}.raw_mnul.mnul_cust_se_unknwn_idy",
                "raw_filter_cond": "ptn_yyyy = '{{ptn_yyyy}}' AND ptn_mm = '{{ptn_mm}}' AND ptn_dd = '{{ptn_dd}}'",
                "persist_database_table": "mdp{{env}}.persist_mnul.mnul_cust_se_unknwn_idy",
                "persist_filter_cond": "ptn_yyyy = '{{ptn_yyyy}}' AND ptn_mm = '{{ptn_mm}}' AND ptn_dd = '{{ptn_dd}}'"
            }
        },
        "audit_data_task": {
            "module_name": "DataAuditingTask",
            "bypass_flag": false,
            "parameters": {
                "config_path": "/Volumes/mdp{{env}}/artifact/config/mdp/audit/ingest/mnul/audit_config_persist_mnul_mnul_cust_se_unknwn_idy.json",
                "target_database_table": "mdp{{env}}.persist_mnul.mnul_cust_se_unknwn_idy",
                "filter_cond": "ptn_yyyy = '{{ptn_yyyy}}' AND ptn_mm = '{{ptn_mm}}' AND ptn_dd = '{{ptn_dd}}'",
                "exit_when_validation_error": true
            }
        }
    }
}