{
    "job_name": "ingest_lpm_tdr_ct1d408a_m",
    "pipeline_name": "IngestionPipeline",
    "job_info": {
        "source_name": "lpm_tdr",
        "source_system_id": "234",
        "area_name": "ingt_lpm_tdr_m",
        "raw_catalog_name": "mdp{{env}}",
        "raw_database_name": "raw_lpm_tdr",
        "raw_table_name": "lpm_tdr_ct1d408a",
        "persist_catalog_name": "mdp{{env}}",
        "persist_database_name": "lpm_tdr",
        "persist_table_name": "lpm_tdr_ct1d408a"
    },
    "tasks": {
        "search_source_file_task": {
            "module_name": "GlobSearchSourcePathTask",
            "bypass_flag": "False",
            "parameters": {
                "base_directory": "/Volumes/mdp{{env}}/inbound/source_file/mdp/lpm_tdr/CT1D408A_{{ptn_yyyy}}{{ptn_mm}}{{ptn_dd}}.txt",
                "allow_empty_flag": "False"
            }
        },
        "read_source_file_task": {
            "module_name": "DelimitedSourceFileReaderTask",
            "bypass_flag": "False",
            "parameters": {
                "reader_options": {
                    "delimiter": "#",
                    "header": "True"
                }
            }
        },
        "transform_to_raw_task": {
            "module_name": "AddColumnsDataTnfmTask",
            "bypass_flag": "False",
            "parameters": {
                "system_column_type": "StandardSystemColumns"
            }
        },
        "load_to_raw_task": {
            "module_name": "FullDumpDataLoaderTask",
            "bypass_flag": "False",
            "parameters": {
                "target_catalog_name": "mdp{{env}}",
                "target_database_name": "raw_lpm_tdr",
                "target_table_name": "lpm_tdr_ct1d408a",
                "format": "parquet"
            }
        },
        "read_raw_from_table_task": {
            "module_name": "TableSourceReaderTask",
            "bypass_flag": "False",
            "parameters": {
                "target_catalog_name": "mdp{{env}}",
                "target_database_name": "raw_lpm_tdr",
                "target_table_name": "lpm_tdr_ct1d408a",
                "filter_cond": "ptn_yyyy = '{{ptn_yyyy}}' AND ptn_mm = '{{ptn_mm}}' AND ptn_dd = '{{ptn_dd}}'"
            }
        },
        "transform_to_persist_task": {
            "module_name": "IngtSpecDataTnfmTask",
            "bypass_flag": "False",
            "parameters": {
                "system_column_type": "StandardSystemColumns",
                "ingestion_spec_path": "/Volumes/mdp{{env}}/artifact/mapping/mdp/ingest/lpm_tdr/ingest_spec_lpm_tdr_ct1d408a.json"
            }
        },
        "load_to_persist_task": {
            "module_name": "FullDumpDataLoaderTask",
            "bypass_flag": "False",
            "parameters": {
                "target_catalog_name": "mdp{{env}}",
                "target_database_name": "persist_lpm_tdr",
                "target_table_name": "lpm_tdr_ct1d408a"
            }
        },
        "record_count_check_task": {
            "module_name": "IngestionRecordCountCheckTask",
            "bypass_flag": "False",
            "parameters": {
                "raw_database_table": "mdp{{env}}.raw_lpm_tdr.lpm_tdr_ct1d408a",
                "raw_filter_cond": "ptn_yyyy = '{{ptn_yyyy}}' AND ptn_mm = '{{ptn_mm}}' AND ptn_dd = '{{ptn_dd}}'",
                "persist_database_table": "mdp{{env}}.persist_lpm_tdr.lpm_tdr_ct1d408a",
                "persist_filter_cond": "ptn_yyyy = '{{ptn_yyyy}}' AND ptn_mm = '{{ptn_mm}}' AND ptn_dd = '{{ptn_dd}}'"
            }
        },
        "audit_data_task": {
            "module_name": "DataAuditingTask",
            "bypass_flag": false,
            "parameters": {
                "config_path": "/Volumes/mdp{{env}}/artifact/config/mdp/audit/ingest/lpm_tdr/audit_config_persist_lpm_tdr_lpm_tdr_ct1d408a.json",
                "target_database_table": "mdp{{env}}.persist_lpm_tdr.lpm_tdr_ct1d408a",
                "filter_cond": "ptn_yyyy = '{{ptn_yyyy}}' AND ptn_mm = '{{ptn_mm}}' AND ptn_dd = '{{ptn_dd}}'",
                "exit_when_validation_error": true
            }
        }
    }
}