{
    "data_source": {
        "asset": "ks_acctxcust",
        "context_root_dir": "/Volumes/mdp{{env}}/artifact/data_quality/gx",
        "index_column_names": [
            "pos_dt",
            "card_id",
            "cust_cd",
            "acct"
        ],
        "name": "ks"
    },
    "expectation_suites": [
        {
            "expectation_suite_name": "tech_vld_suite_persist_ks_ks_acctxcust",
            "expectations": [
                {
                    "expectation_type": "expect_compound_columns_to_be_unique",
                    "kwargs": {
                        "column_list": [
                            "pos_dt",
                            "card_id",
                            "cust_cd",
                            "acct"
                        ]
                    },
                    "meta": {
                        "level": "WARNING",
                        "rule_id": "TECH_VLD_0001"
                    }
                },
                {
                    "expectation_type": "expect_column_values_to_not_be_null",
                    "kwargs": {
                        "column": "src_pos_dt"
                    },
                    "meta": {
                        "level": "WARNING",
                        "rule_id": "TECH_VLD_0002"
                    }
                },
                {
                    "expectation_type": "expect_column_values_to_not_be_null",
                    "kwargs": {
                        "column": "card_id"
                    },
                    "meta": {
                        "level": "WARNING",
                        "rule_id": "TECH_VLD_0002"
                    }
                },
                {
                    "expectation_type": "expect_column_values_to_not_be_null",
                    "kwargs": {
                        "column": "cust_cd"
                    },
                    "meta": {
                        "level": "WARNING",
                        "rule_id": "TECH_VLD_0002"
                    }
                },
                {
                    "expectation_type": "expect_column_values_to_not_be_null",
                    "kwargs": {
                        "column": "acct"
                    },
                    "meta": {
                        "level": "WARNING",
                        "rule_id": "TECH_VLD_0002"
                    }
                }
            ]
        }
    ],
    "validators": [
        {
            "expectation_suite_name": "tech_vld_suite_persist_ks_ks_acctxcust",
            "validator_name": "persist_ks_ks_acctxcust_checkpoint"
        }
    ]
}