{
  "job_name": "ingest_csm_custxformxconsentderivednonkblog_d",
  "job_info": {
    "source_name": "csm",
    "raw_catalog_name": "mdp{{env}}",
    "raw_schema_name": "raw_csm",
    "raw_table_name": "csm_custxformxconsentderivednonkblog",
    "persist_catalog_name": "mdp{{env}}",
    "persist_schema_name": "persist_csm",
    "persist_table_name": "csm_custxformxconsentderivednonkblog"
  },
  "mapping": [
    {
      "source_column_name": "lcustfcdrnkb_id_card",
      "target_column_name": "lcustfcdrnkb_id_card",
      "data_type": "string",
      "column_logic": "rtrim(lcustfcdrnkb_id_card)"
    },
    {
      "source_column_name": "lcustfcdrnkb_birth_date",
      "target_column_name": "lcustfcdrnkb_birth_date",
      "data_type": "date",
      "column_logic": "mdp{{env}}.udf.convert_dt(`lcustfcdrnkb_birth_date`, 'yyyy-MM-dd',False)"
    },
    {
      "source_column_name": "lcustfcdrnkb_doc_type",
      "target_column_name": "lcustfcdrnkb_doc_type",
      "data_type": "string",
      "column_logic": "rtrim(lcustfcdrnkb_doc_type)"
    },
    {
      "source_column_name": "lcustfcdrnkb_formappr_cd",
      "target_column_name": "lcustfcdrnkb_formappr_cd",
      "data_type": "integer"
    },
    {
      "source_column_name": "lcustfcdrnkb_consent_flag",
      "target_column_name": "lcustfcdrnkb_consent_flag",
      "data_type": "string",
      "column_logic": "rtrim(lcustfcdrnkb_consent_flag)"
    },
    {
      "source_column_name": "lcustfcdrnkb_upd_user",
      "target_column_name": "lcustfcdrnkb_upd_user",
      "data_type": "string",
      "column_logic": "rtrim(lcustfcdrnkb_upd_user)"
    },
    {
      "source_column_name": "lcustfcdrnkb_upd_dt",
      "target_column_name": "lcustfcdrnkb_upd_dt",
      "data_type": "timestamp",
      "column_logic": "mdp{{env}}.udf.convert_tms(`lcustfcdrnkb_upd_dt`, 'yyyy-MM-dd HH:mm:ss.SSS',False)"
    },
    {
      "source_column_name": "lcustfcdrnkb_upd_dt_group",
      "target_column_name": "lcustfcdrnkb_upd_dt_group",
      "data_type": "timestamp",
      "column_logic": "mdp{{env}}.udf.convert_tms(`lcustfcdrnkb_upd_dt_group`, 'yyyy-MM-dd HH:mm:ss.SSS',False)"
    },
    {
      "source_column_name": "lcustfcdrnkb_upd_user_l",
      "target_column_name": "lcustfcdrnkb_upd_user_l",
      "data_type": "string",
      "column_logic": "rtrim(lcustfcdrnkb_upd_user_l)"
    },
    {
      "source_column_name": "lcustfcdrnkb_upd_dt_l",
      "target_column_name": "lcustfcdrnkb_upd_dt_l",
      "data_type": "timestamp",
      "column_logic": "mdp{{env}}.udf.convert_tms(`lcustfcdrnkb_upd_dt_l`, 'yyyy-MM-dd HH:mm:ss.SSS',False)"
    }
  ]
}