{
    "job_name": "extrct_kweb_droplead_d",
    "pipeline_name": "ExtractionPipeline",
    "area_name": "kweb",
    "job_seq": "1",
    "job_info": {
        "data_source_type": "LocalLocation",
        "file_name": "DropLead_YYYYMMDD_1.*,",
        "data_target_type": "ADLSLocation",
        "data_target_filepath": "{{mdp_inbnd.filepath}}/kweb/DropLead_YYYYMMDD_1.*,"
    },
    "tasks": {
        "azcopy_data_transfer_task": {
            "module_name": "AzCopyDataTransferTask",
            "bypass_flag": "false",
            "parameters": {
                "azcopy_command": "cp",
                "source": {
                    "type": "LocalLocation",
                    "filepath": "{{local_storage.filepath}}/kweb/DropLead_YYYYMMDD_1.*,"
                },
                "target": {
                    "type": "ADLSLocation",
                    "account_name": "{{mdp_inbnd.account_name}}",
                    "container_name": "{{mdp_inbnd.container_name}}",
                    "sas_token": "{{mdp_inbnd.sas_token}}",
                    "filepath": "{{mdp_inbnd.filepath}}/kweb/"
                }
            }
        }
    }
}