{
    "job_name": "ingest_csm_custxformxconsentderivednonkblog_d",
    "pipeline_name": "IngestionPipeline",
    "job_info": {
        "source_name": "csm",
        "source_system_id": "780",
        "area_name": "ingt_csm_d",
        "raw_catalog_name": "mdp{{env}}",
        "raw_database_name": "raw_csm",
        "raw_table_name": "csm_custxformxconsentderivednonkblog",
        "persist_catalog_name": "mdp{{env}}",
        "persist_database_name": "persist_csm",
        "persist_table_name": "csm_custxformxconsentderivednonkblog"
    },
    "tasks": {
        "check_dependency_task": {
            "module_name": "DependencyCheckingTask",
            "bypass_flag": "False",
            "parameters": {
                "dpnd_config_path": "/Volumes/mdp{{env}}/artifact/config/mdp/dpnd/ingest/csm/persist/dpnd_ingest_csm_custxformxconsentderivednonkblog_d.json"
            }
        },
        "search_source_file_task": {
            "module_name": "GlobSearchSourcePathTask",
            "bypass_flag": "False",
            "parameters": {
                "base_directory": "/Volumes/mdp{{env}}/inbound/source_file/mdp/csm/csm_custxformxconsentderivednonkblog_{{ptn_yyyy}}{{ptn_mm}}{{ptn_dd}}.txt",
                "allow_empty_flag": "False"
            }
        },
        "read_source_file_task": {
            "module_name": "DelimitedSourceFileReaderTask",
            "bypass_flag": "False",
            "parameters": {
                "reader_options": {
                    "delimiter": "|",
                    "header": "True"
                }
            }
        },
        "transform_to_raw_task": {
            "module_name": "AddColumnsDataTnfmTask",
            "bypass_flag": "False",
            "parameters": {
                "system_column_type": "StandardSystemColumns"
            }
        },
        "load_to_raw_task": {
            "module_name": "FullDumpDataLoaderTask",
            "bypass_flag": "False",
            "parameters": {
                "target_catalog_name": "mdp{{env}}",
                "target_database_name": "raw_csm",
                "target_table_name": "csm_custxformxconsentderivednonkblog",
                "format": "parquet"
            }
        },
        "read_raw_from_table_task": {
            "module_name": "TableSourceReaderTask",
            "bypass_flag": "False",
            "parameters": {
                "target_catalog_name": "mdp{{env}}",
                "target_database_name": "raw_csm",
                "target_table_name": "csm_custxformxconsentderivednonkblog",
                "filter_cond": "ptn_yyyy = '{{ptn_yyyy}}' AND ptn_mm = '{{ptn_mm}}' AND ptn_dd = '{{ptn_dd}}'"
            }
        },
        "transform_to_persist_task": {
            "module_name": "IngtSpecDataTnfmTask",
            "bypass_flag": "False",
            "parameters": {
                "system_column_type": "IncrementalSystemColumns",
                "ingestion_spec_path": "/Volumes/mdp{{env}}/artifact/mapping/mdp/ingest/csm/ingest_spec_csm_custxformxconsentderivednonkblog.json"
            }
        },
        "load_to_persist_task": {
            "module_name": "IncrementalDataLoaderTask",
            "bypass_flag": "False",
            "parameters": {
                "target_catalog_name": "mdp{{env}}",
                "target_database_name": "persist_csm",
                "target_table_name": "csm_custxformxconsentderivednonkblog",
                "primary_keys": [
                    "pos_dt",
                    "lcustfcdrnkb_id_card",
                    "lcustfcdrnkb_birth_date",
                    "lcustfcdrnkb_doc_type",
                    "lcustfcdrnkb_formappr_cd",
                    "lcustfcdrnkb_upd_dt",
                    "lcustfcdrnkb_upd_dt_l"
                ],
                "previous_data_filter_cond": "int(ptn_yyyy) = year(cast('{{pos_dt}}' as date) - interval 1 day) and int(ptn_mm) = month(cast('{{pos_dt}}' as date) - interval 1 day) and int(ptn_dd) = day(cast('{{pos_dt}}' as date) - interval 1 day)"
            }
        },
        "record_count_check_task": {
            "module_name": "IncrementalRecordCountCheckTask",
            "bypass_flag": "False",
            "parameters": {
                "raw_database_table": "mdp{{env}}.raw_csm.csm_custxformxconsentderivednonkblog",
                "raw_filter_cond": "ptn_yyyy = '{{ptn_yyyy}}' AND ptn_mm = '{{ptn_mm}}' AND ptn_dd = '{{ptn_dd}}'",
                "persist_database_table": "mdp{{env}}.persist_csm.csm_custxformxconsentderivednonkblog",
                "persist_filter_cond": "ptn_yyyy = '{{ptn_yyyy}}' AND ptn_mm = '{{ptn_mm}}' AND ptn_dd = '{{ptn_dd}}'"
            }
        },
        "control_file_record_count_check_task": {
            "module_name": "PairedControlFileCheckerTask",
            "bypass_flag": "False",
            "parameters": {
                "control_file_path": "/Volumes/mdp{{env}}/inbound/source_file/mdp/csm/csm_custxformxconsentderivednonkblog_{{ptn_yyyy}}{{ptn_mm}}{{ptn_dd}}.ctl",
                "file_type": "delimited",
                "reader_options": {
                    "delimiter": "|",
                    "header": "True"
                },
                "record_count_column": "number_of_records"
            }
        },
        "audit_data_task": {
            "module_name": "DataAuditingTask",
            "bypass_flag": false,
            "parameters": {
                "config_path": "/Volumes/mdp{{env}}/artifact/config/mdp/audit/ingest/csm/audit_config_persist_csm_csm_custxformxconsentderivednonkblog.json",
                "target_database_table": "mdp{{env}}.persist_csm.csm_custxformxconsentderivednonkblog",
                "filter_cond": "ptn_yyyy = '{{ptn_yyyy}}' AND ptn_mm = '{{ptn_mm}}' AND ptn_dd = '{{ptn_dd}}'",
                "exit_when_validation_error": true
            }
        }
    }
}