{
    "job_name": "ingest_gcp_pir_detail_txn_d",
    "pipeline_name": "IngestionPipeline",
    "job_info": {
        "source_name": "gcp",
        "source_system_id": "626",
        "area_name": "ingt_gcp_d",
        "raw_catalog_name": "mdp{{env}}",
        "raw_database_name": "raw_gcp",
        "raw_table_name": "gcp_pir_detail_txn",
        "persist_catalog_name": "mdp{{env}}",
        "persist_database_name": "persist_gcp",
        "persist_table_name": "gcp_pir_detail_txn"
    },
    "tasks": {
        "search_source_file_task": {
            "module_name": "GlobSearchSourcePathTask",
            "bypass_flag": "False",
            "parameters": {
                "base_directory": "/Volumes/mdp{{env}}/inbound/source_file/mdp/gcp/gcp_pir_detail_txn_{{ptn_yyyy}}{{ptn_mm}}{{ptn_dd}}.txt",
                "allow_empty_flag": "False"
            }
        },
        "read_source_file_task": {
            "module_name": "DelimitedSourceFileReaderTask",
            "bypass_flag": "False",
            "parameters": {
                "reader_options": {
                    "delimiter": "|",
                    "header": "True"
                }
            }
        },
        "transform_to_raw_task": {
            "module_name": "AddColumnsDataTnfmTask",
            "bypass_flag": "False",
            "parameters": {
                "system_column_type": "StandardSystemColumns"
            }
        },
        "load_to_raw_task": {
            "module_name": "FullDumpDataLoaderTask",
            "bypass_flag": "False",
            "parameters": {
                "target_catalog_name": "mdp{{env}}",
                "target_database_name": "raw_gcp",
                "target_table_name": "gcp_pir_detail_txn",
                "format": "parquet"
            }
        },
        "read_raw_from_table_task": {
            "module_name": "TableSourceReaderTask",
            "bypass_flag": "False",
            "parameters": {
                "target_catalog_name": "mdp{{env}}",
                "target_database_name": "raw_gcp",
                "target_table_name": "gcp_pir_detail_txn",
                "filter_cond": "ptn_yyyy = '{{ptn_yyyy}}' AND ptn_mm = '{{ptn_mm}}' AND ptn_dd = '{{ptn_dd}}'"
            }
        },
        "transform_to_persist_task": {
            "module_name": "IngtSpecDataTnfmTask",
            "bypass_flag": "False",
            "parameters": {
                "system_column_type": "StandardSystemColumns",
                "ingestion_spec_path": "/Volumes/mdp{{env}}/artifact/mapping/mdp/ingest/gcp/ingest_spec_gcp_pir_detail_txn.json"
            }
        },
        "load_to_persist_task": {
            "module_name": "FullDumpDataLoaderTask",
            "bypass_flag": "False",
            "parameters": {
                "target_catalog_name": "mdp{{env}}",
                "target_database_name": "persist_gcp",
                "target_table_name": "gcp_pir_detail_txn"
            }
        },
        "record_count_check_task": {
            "module_name": "IngestionRecordCountCheckTask",
            "bypass_flag": "False",
            "parameters": {
                "raw_database_table": "mdp{{env}}.raw_gcp.gcp_pir_detail_txn",
                "raw_filter_cond": "ptn_yyyy = '{{ptn_yyyy}}' AND ptn_mm = '{{ptn_mm}}' AND ptn_dd = '{{ptn_dd}}'",
                "persist_database_table": "mdp{{env}}.persist_gcp.gcp_pir_detail_txn",
                "persist_filter_cond": "ptn_yyyy = '{{ptn_yyyy}}' AND ptn_mm = '{{ptn_mm}}' AND ptn_dd = '{{ptn_dd}}'"
            }
        },
        "control_file_record_count_check_task": {
            "module_name": "PairedControlFileCheckerTask",
            "bypass_flag": "False",
            "parameters": {
                "control_file_path": "/Volumes/mdp{{env}}/inbound/source_file/mdp/gcp/gcp_pir_detail_txn_{{ptn_yyyy}}{{ptn_mm}}{{ptn_dd}}.ctl",
                "file_type": "delimited",
                "reader_options": {
                    "delimiter": "|",
                    "header": "True"
                },
                "record_count_column": "number_of_records"
            }
        },
        "audit_data_task": {
            "module_name": "DataAuditingTask",
            "bypass_flag": false,
            "parameters": {
                "config_path": "/Volumes/mdp{{env}}/artifact/config/mdp/audit/ingest/gcp/audit_config_persist_gcp_gcp_pir_detail_txn.json",
                "target_database_table": "mdp{{env}}.persist_gcp.gcp_pir_detail_txn",
                "filter_cond": "ptn_yyyy = '{{ptn_yyyy}}' AND ptn_mm = '{{ptn_mm}}' AND ptn_dd = '{{ptn_dd}}'",
                "exit_when_validation_error": true
            }
        }
    }
}