{
  "job_name": "ingest_gcp_pir_detail_txn_d",
  "job_info": {
    "source_name": "gcp",
    "raw_catalog_name": "mdp{{env}}",
    "raw_schema_name": "raw_gcp",
    "raw_table_name": "gcp_pir_detail_txn",
    "persist_catalog_name": "mdp{{env}}",
    "persist_schema_name": "persist_gcp",
    "persist_table_name": "gcp_pir_detail_txn"
  },
  "mapping": [
    {
      "source_column_name": "pir_nmbr",
      "target_column_name": "pir_nmbr",
      "data_type": "string",
      "column_logic": "rtrim(pir_nmbr)"
    },
    {
      "source_column_name": "internal_txn_nmbr",
      "target_column_name": "internal_txn_nmbr",
      "data_type": "string",
      "column_logic": "rtrim(internal_txn_nmbr)"
    },
    {
      "source_column_name": "instrument_code",
      "target_column_name": "instrument_code",
      "data_type": "string",
      "column_logic": "rtrim(instrument_code)"
    },
    {
      "source_column_name": "payment_type",
      "target_column_name": "payment_type",
      "data_type": "string",
      "column_logic": "rtrim(payment_type)"
    },
    {
      "source_column_name": "principal_amnt",
      "target_column_name": "principal_amnt",
      "data_type": "decimal(20,4)"
    },
    {
      "source_column_name": "charges_amnt",
      "target_column_name": "charges_amnt",
      "data_type": "decimal(20,4)"
    },
    {
      "source_column_name": "instrument_amnt",
      "target_column_name": "instrument_amnt",
      "data_type": "decimal(20,4)"
    },
    {
      "source_column_name": "alias_payout_location_code",
      "target_column_name": "alias_payout_location_code",
      "data_type": "string",
      "column_logic": "rtrim(alias_payout_location_code)"
    },
    {
      "source_column_name": "primary_payout_location_code",
      "target_column_name": "primary_payout_location_code",
      "data_type": "string",
      "column_logic": "rtrim(primary_payout_location_code)"
    },
    {
      "source_column_name": "disp_bank_code",
      "target_column_name": "disp_bank_code",
      "data_type": "string",
      "column_logic": "rtrim(disp_bank_code)"
    },
    {
      "source_column_name": "disp_branch_code",
      "target_column_name": "disp_branch_code",
      "data_type": "string",
      "column_logic": "rtrim(disp_branch_code)"
    },
    {
      "source_column_name": "inst_date",
      "target_column_name": "inst_date",
      "data_type": "date",
      "column_logic": "mdp{{env}}.udf.convert_dt(`inst_date`, 'yyyy-MM-dd HH:mm:ss.S',False)"
    },
    {
      "source_column_name": "benef_code",
      "target_column_name": "benef_code",
      "data_type": "string",
      "column_logic": "rtrim(benef_code)"
    },
    {
      "source_column_name": "benef_description",
      "target_column_name": "benef_description",
      "data_type": "string",
      "column_logic": "rtrim(benef_description)"
    },
    {
      "source_column_name": "benef_bank_code",
      "target_column_name": "benef_bank_code",
      "data_type": "string",
      "column_logic": "rtrim(benef_bank_code)"
    },
    {
      "source_column_name": "benef_branch_code",
      "target_column_name": "benef_branch_code",
      "data_type": "string",
      "column_logic": "rtrim(benef_branch_code)"
    },
    {
      "source_column_name": "benef_account_nmbr",
      "target_column_name": "benef_account_nmbr",
      "data_type": "string",
      "column_logic": "rtrim(benef_account_nmbr)"
    },
    {
      "source_column_name": "benef_account_identifier",
      "target_column_name": "benef_account_identifier",
      "data_type": "string",
      "column_logic": "rtrim(benef_account_identifier)"
    },
    {
      "source_column_name": "benef_add_1",
      "target_column_name": "benef_add_1",
      "data_type": "string",
      "column_logic": "rtrim(benef_add_1)"
    },
    {
      "source_column_name": "benef_add_2",
      "target_column_name": "benef_add_2",
      "data_type": "string",
      "column_logic": "rtrim(benef_add_2)"
    },
    {
      "source_column_name": "benef_add_3",
      "target_column_name": "benef_add_3",
      "data_type": "string",
      "column_logic": "rtrim(benef_add_3)"
    },
    {
      "source_column_name": "benef_add_4",
      "target_column_name": "benef_add_4",
      "data_type": "string",
      "column_logic": "rtrim(benef_add_4)"
    },
    {
      "source_column_name": "benef_add_5",
      "target_column_name": "benef_add_5",
      "data_type": "string",
      "column_logic": "rtrim(benef_add_5)"
    },
    {
      "source_column_name": "benef_payment_details",
      "target_column_name": "benef_payment_details",
      "data_type": "string",
      "column_logic": "rtrim(benef_payment_details)"
    },
    {
      "source_column_name": "delivery_mode",
      "target_column_name": "delivery_mode",
      "data_type": "string",
      "column_logic": "rtrim(delivery_mode)"
    },
    {
      "source_column_name": "inst_print_branch_code",
      "target_column_name": "inst_print_branch_code",
      "data_type": "string",
      "column_logic": "rtrim(inst_print_branch_code)"
    },
    {
      "source_column_name": "override_code",
      "target_column_name": "override_code",
      "data_type": "string",
      "column_logic": "rtrim(override_code)"
    },
    {
      "source_column_name": "status_flag",
      "target_column_name": "status_flag",
      "data_type": "string",
      "column_logic": "rtrim(status_flag)"
    },
    {
      "source_column_name": "maker_code",
      "target_column_name": "maker_code",
      "data_type": "string",
      "column_logic": "rtrim(maker_code)"
    },
    {
      "source_column_name": "maker_datetime",
      "target_column_name": "maker_datetime",
      "data_type": "timestamp",
      "column_logic": "mdp{{env}}.udf.convert_tms(`maker_datetime`, 'yyyy-MM-dd HH:mm:ss.S',False)"
    },
    {
      "source_column_name": "maker_branch_code",
      "target_column_name": "maker_branch_code",
      "data_type": "string",
      "column_logic": "rtrim(maker_branch_code)"
    },
    {
      "source_column_name": "checker_code",
      "target_column_name": "checker_code",
      "data_type": "string",
      "column_logic": "rtrim(checker_code)"
    },
    {
      "source_column_name": "checker_datetime",
      "target_column_name": "checker_datetime",
      "data_type": "timestamp",
      "column_logic": "mdp{{env}}.udf.convert_tms(`checker_datetime`, 'yyyy-MM-dd HH:mm:ss.S',False)"
    },
    {
      "source_column_name": "reject_remarks",
      "target_column_name": "reject_remarks",
      "data_type": "string",
      "column_logic": "rtrim(reject_remarks)"
    },
    {
      "source_column_name": "inst_status",
      "target_column_name": "inst_status",
      "data_type": "string",
      "column_logic": "rtrim(inst_status)"
    },
    {
      "source_column_name": "live_record_key_nmbr",
      "target_column_name": "live_record_key_nmbr",
      "data_type": "string",
      "column_logic": "rtrim(live_record_key_nmbr)"
    },
    {
      "source_column_name": "instruction_ref_nmbr",
      "target_column_name": "instruction_ref_nmbr",
      "data_type": "string",
      "column_logic": "rtrim(instruction_ref_nmbr)"
    },
    {
      "source_column_name": "deduct_charges_flag",
      "target_column_name": "deduct_charges_flag",
      "data_type": "string",
      "column_logic": "rtrim(deduct_charges_flag)"
    },
    {
      "source_column_name": "fx_rate",
      "target_column_name": "fx_rate",
      "data_type": "decimal(20,7)"
    },
    {
      "source_column_name": "payment_ccy_code",
      "target_column_name": "payment_ccy_code",
      "data_type": "string",
      "column_logic": "rtrim(payment_ccy_code)"
    },
    {
      "source_column_name": "payment_priority_flag",
      "target_column_name": "payment_priority_flag",
      "data_type": "string",
      "column_logic": "rtrim(payment_priority_flag)"
    },
    {
      "source_column_name": "bank_bank_info",
      "target_column_name": "bank_bank_info",
      "data_type": "string",
      "column_logic": "rtrim(bank_bank_info)"
    },
    {
      "source_column_name": "debit_amnt",
      "target_column_name": "debit_amnt",
      "data_type": "decimal(20,4)"
    },
    {
      "source_column_name": "gl_status_flag",
      "target_column_name": "gl_status_flag",
      "data_type": "string",
      "column_logic": "rtrim(gl_status_flag)"
    },
    {
      "source_column_name": "gl_maker_code",
      "target_column_name": "gl_maker_code",
      "data_type": "string",
      "column_logic": "rtrim(gl_maker_code)"
    },
    {
      "source_column_name": "gl_maker_datetime",
      "target_column_name": "gl_maker_datetime",
      "data_type": "timestamp",
      "column_logic": "mdp{{env}}.udf.convert_tms(`gl_maker_datetime`, 'yyyy-MM-dd HH:mm:ss.S',False)"
    },
    {
      "source_column_name": "gl_maker_branch_code",
      "target_column_name": "gl_maker_branch_code",
      "data_type": "string",
      "column_logic": "rtrim(gl_maker_branch_code)"
    },
    {
      "source_column_name": "gl_checker_code",
      "target_column_name": "gl_checker_code",
      "data_type": "string",
      "column_logic": "rtrim(gl_checker_code)"
    },
    {
      "source_column_name": "gl_checker_datetime",
      "target_column_name": "gl_checker_datetime",
      "data_type": "timestamp",
      "column_logic": "mdp{{env}}.udf.convert_tms(`gl_checker_datetime`, 'yyyy-MM-dd HH:mm:ss.S',False)"
    },
    {
      "source_column_name": "gl_reject_remarks",
      "target_column_name": "gl_reject_remarks",
      "data_type": "string",
      "column_logic": "rtrim(gl_reject_remarks)"
    },
    {
      "source_column_name": "lcy_amnt",
      "target_column_name": "lcy_amnt",
      "data_type": "decimal(20,4)"
    },
    {
      "source_column_name": "micr_nmbr",
      "target_column_name": "micr_nmbr",
      "data_type": "string",
      "column_logic": "rtrim(micr_nmbr)"
    },
    {
      "source_column_name": "reference_nmbr",
      "target_column_name": "reference_nmbr",
      "data_type": "string",
      "column_logic": "rtrim(reference_nmbr)"
    },
    {
      "source_column_name": "lot_nmbr",
      "target_column_name": "lot_nmbr",
      "data_type": "string",
      "column_logic": "rtrim(lot_nmbr)"
    },
    {
      "source_column_name": "signatory_code_1",
      "target_column_name": "signatory_code_1",
      "data_type": "string",
      "column_logic": "rtrim(signatory_code_1)"
    },
    {
      "source_column_name": "signatory_code_2",
      "target_column_name": "signatory_code_2",
      "data_type": "string",
      "column_logic": "rtrim(signatory_code_2)"
    },
    {
      "source_column_name": "deal_ref",
      "target_column_name": "deal_ref",
      "data_type": "string",
      "column_logic": "rtrim(deal_ref)"
    },
    {
      "source_column_name": "cnv_inst_amnt",
      "target_column_name": "cnv_inst_amnt",
      "data_type": "decimal(20,4)"
    },
    {
      "source_column_name": "cnv_ccy",
      "target_column_name": "cnv_ccy",
      "data_type": "string",
      "column_logic": "rtrim(cnv_ccy)"
    },
    {
      "source_column_name": "retail_acct_no",
      "target_column_name": "retail_acct_no",
      "data_type": "string",
      "column_logic": "rtrim(retail_acct_no)"
    },
    {
      "source_column_name": "retail_acct_branch_code",
      "target_column_name": "retail_acct_branch_code",
      "data_type": "string",
      "column_logic": "rtrim(retail_acct_branch_code)"
    },
    {
      "source_column_name": "retail_acct_ccy_code",
      "target_column_name": "retail_acct_ccy_code",
      "data_type": "string",
      "column_logic": "rtrim(retail_acct_ccy_code)"
    },
    {
      "source_column_name": "debit_ref_nmbr",
      "target_column_name": "debit_ref_nmbr",
      "data_type": "string",
      "column_logic": "rtrim(debit_ref_nmbr)"
    },
    {
      "source_column_name": "debit_desc",
      "target_column_name": "debit_desc",
      "data_type": "string",
      "column_logic": "rtrim(debit_desc)"
    },
    {
      "source_column_name": "credit_ref_nmbr",
      "target_column_name": "credit_ref_nmbr",
      "data_type": "string",
      "column_logic": "rtrim(credit_ref_nmbr)"
    },
    {
      "source_column_name": "credit_desc",
      "target_column_name": "credit_desc",
      "data_type": "string",
      "column_logic": "rtrim(credit_desc)"
    },
    {
      "source_column_name": "invoice_date",
      "target_column_name": "invoice_date",
      "data_type": "date",
      "column_logic": "mdp{{env}}.udf.convert_dt(`invoice_date`, 'yyyy-MM-dd HH:mm:ss.S',False)"
    },
    {
      "source_column_name": "benef_id",
      "target_column_name": "benef_id",
      "data_type": "string",
      "column_logic": "rtrim(benef_id)"
    },
    {
      "source_column_name": "other_benef_id",
      "target_column_name": "other_benef_id",
      "data_type": "string",
      "column_logic": "rtrim(other_benef_id)"
    },
    {
      "source_column_name": "benef_non_resi_indicator",
      "target_column_name": "benef_non_resi_indicator",
      "data_type": "string",
      "column_logic": "rtrim(benef_non_resi_indicator)"
    },
    {
      "source_column_name": "purpose_code_desc",
      "target_column_name": "purpose_code_desc",
      "data_type": "string",
      "column_logic": "rtrim(purpose_code_desc)"
    },
    {
      "source_column_name": "by_order_of",
      "target_column_name": "by_order_of",
      "data_type": "string",
      "column_logic": "rtrim(by_order_of)"
    },
    {
      "source_column_name": "payment_ref_invoice_nmbr",
      "target_column_name": "payment_ref_invoice_nmbr",
      "data_type": "string",
      "column_logic": "rtrim(payment_ref_invoice_nmbr)"
    },
    {
      "source_column_name": "co_drawee_branch",
      "target_column_name": "co_drawee_branch",
      "data_type": "string",
      "column_logic": "rtrim(co_drawee_branch)"
    },
    {
      "source_column_name": "co_auth_person_name",
      "target_column_name": "co_auth_person_name",
      "data_type": "string",
      "column_logic": "rtrim(co_auth_person_name)"
    },
    {
      "source_column_name": "co_auth_person_ic",
      "target_column_name": "co_auth_person_ic",
      "data_type": "string",
      "column_logic": "rtrim(co_auth_person_ic)"
    },
    {
      "source_column_name": "cms_returned_error_code",
      "target_column_name": "cms_returned_error_code",
      "data_type": "string",
      "column_logic": "rtrim(cms_returned_error_code)"
    },
    {
      "source_column_name": "cms_returned_reason",
      "target_column_name": "cms_returned_reason",
      "data_type": "string",
      "column_logic": "rtrim(cms_returned_reason)"
    },
    {
      "source_column_name": "bank_code_indicator",
      "target_column_name": "bank_code_indicator",
      "data_type": "string",
      "column_logic": "rtrim(bank_code_indicator)"
    },
    {
      "source_column_name": "benef_business_regs",
      "target_column_name": "benef_business_regs",
      "data_type": "string",
      "column_logic": "rtrim(benef_business_regs)"
    },
    {
      "source_column_name": "benef_passport_no",
      "target_column_name": "benef_passport_no",
      "data_type": "string",
      "column_logic": "rtrim(benef_passport_no)"
    },
    {
      "source_column_name": "form_p_r_no",
      "target_column_name": "form_p_r_no",
      "data_type": "string",
      "column_logic": "rtrim(form_p_r_no)"
    },
    {
      "source_column_name": "co_mailing_postcode",
      "target_column_name": "co_mailing_postcode",
      "data_type": "bigint"
    },
    {
      "source_column_name": "co_mailing_city",
      "target_column_name": "co_mailing_city",
      "data_type": "string",
      "column_logic": "rtrim(co_mailing_city)"
    },
    {
      "source_column_name": "co_mailing_state",
      "target_column_name": "co_mailing_state",
      "data_type": "string",
      "column_logic": "rtrim(co_mailing_state)"
    },
    {
      "source_column_name": "co_mailing_country",
      "target_column_name": "co_mailing_country",
      "data_type": "string",
      "column_logic": "rtrim(co_mailing_country)"
    },
    {
      "source_column_name": "co_advice_layout",
      "target_column_name": "co_advice_layout",
      "data_type": "string",
      "column_logic": "rtrim(co_advice_layout)"
    },
    {
      "source_column_name": "mc_funding_acct_nmbr",
      "target_column_name": "mc_funding_acct_nmbr",
      "data_type": "string",
      "column_logic": "rtrim(mc_funding_acct_nmbr)"
    },
    {
      "source_column_name": "addenda_record_layout",
      "target_column_name": "addenda_record_layout",
      "data_type": "string",
      "column_logic": "rtrim(addenda_record_layout)"
    },
    {
      "source_column_name": "addenda_record_count",
      "target_column_name": "addenda_record_count",
      "data_type": "integer"
    },
    {
      "source_column_name": "co_coll_br",
      "target_column_name": "co_coll_br",
      "data_type": "string",
      "column_logic": "rtrim(co_coll_br)"
    },
    {
      "source_column_name": "cashweb_pir_nmbr",
      "target_column_name": "cashweb_pir_nmbr",
      "data_type": "string",
      "column_logic": "rtrim(cashweb_pir_nmbr)"
    },
    {
      "source_column_name": "fpx_serial_no",
      "target_column_name": "fpx_serial_no",
      "data_type": "smallint"
    },
    {
      "source_column_name": "micr_fix_sh_acct_no",
      "target_column_name": "micr_fix_sh_acct_no",
      "data_type": "string",
      "column_logic": "rtrim(micr_fix_sh_acct_no)"
    },
    {
      "source_column_name": "pickup_branch_code",
      "target_column_name": "pickup_branch_code",
      "data_type": "string",
      "column_logic": "rtrim(pickup_branch_code)"
    },
    {
      "source_column_name": "exchange_doc_code",
      "target_column_name": "exchange_doc_code",
      "data_type": "string",
      "column_logic": "rtrim(exchange_doc_code)"
    },
    {
      "source_column_name": "pickup_date",
      "target_column_name": "pickup_date",
      "data_type": "date",
      "column_logic": "mdp{{env}}.udf.convert_dt(`pickup_date`, 'yyyy-MM-dd HH:mm:ss.S',False)"
    },
    {
      "source_column_name": "pickup_remarks",
      "target_column_name": "pickup_remarks",
      "data_type": "string",
      "column_logic": "rtrim(pickup_remarks)"
    },
    {
      "source_column_name": "delv_point_code",
      "target_column_name": "delv_point_code",
      "data_type": "string",
      "column_logic": "rtrim(delv_point_code)"
    },
    {
      "source_column_name": "adv_delv_mode",
      "target_column_name": "adv_delv_mode",
      "data_type": "string",
      "column_logic": "rtrim(adv_delv_mode)"
    },
    {
      "source_column_name": "wht_req",
      "target_column_name": "wht_req",
      "data_type": "string",
      "column_logic": "rtrim(wht_req)"
    },
    {
      "source_column_name": "shipping_code",
      "target_column_name": "shipping_code",
      "data_type": "string",
      "column_logic": "rtrim(shipping_code)"
    },
    {
      "source_column_name": "collector_code",
      "target_column_name": "collector_code",
      "data_type": "string",
      "column_logic": "rtrim(collector_code)"
    },
    {
      "source_column_name": "benef_payment_details2",
      "target_column_name": "benef_payment_details2",
      "data_type": "string",
      "column_logic": "rtrim(benef_payment_details2)"
    },
    {
      "source_column_name": "benef_payment_details3",
      "target_column_name": "benef_payment_details3",
      "data_type": "string",
      "column_logic": "rtrim(benef_payment_details3)"
    },
    {
      "source_column_name": "benef_payment_details4",
      "target_column_name": "benef_payment_details4",
      "data_type": "string",
      "column_logic": "rtrim(benef_payment_details4)"
    },
    {
      "source_column_name": "benef_ccy",
      "target_column_name": "benef_ccy",
      "data_type": "string",
      "column_logic": "rtrim(benef_ccy)"
    },
    {
      "source_column_name": "benef_fax",
      "target_column_name": "benef_fax",
      "data_type": "string",
      "column_logic": "rtrim(benef_fax)"
    },
    {
      "source_column_name": "benef_mobile",
      "target_column_name": "benef_mobile",
      "data_type": "string",
      "column_logic": "rtrim(benef_mobile)"
    },
    {
      "source_column_name": "benef_email",
      "target_column_name": "benef_email",
      "data_type": "string",
      "column_logic": "rtrim(benef_email)"
    },
    {
      "source_column_name": "benef_ivr_code",
      "target_column_name": "benef_ivr_code",
      "data_type": "string",
      "column_logic": "rtrim(benef_ivr_code)"
    },
    {
      "source_column_name": "mail_to",
      "target_column_name": "mail_to",
      "data_type": "string",
      "column_logic": "rtrim(mail_to)"
    },
    {
      "source_column_name": "mail_to_address1",
      "target_column_name": "mail_to_address1",
      "data_type": "string",
      "column_logic": "rtrim(mail_to_address1)"
    },
    {
      "source_column_name": "mail_to_address2",
      "target_column_name": "mail_to_address2",
      "data_type": "string",
      "column_logic": "rtrim(mail_to_address2)"
    },
    {
      "source_column_name": "mail_to_address3",
      "target_column_name": "mail_to_address3",
      "data_type": "string",
      "column_logic": "rtrim(mail_to_address3)"
    },
    {
      "source_column_name": "mail_to_address4",
      "target_column_name": "mail_to_address4",
      "data_type": "string",
      "column_logic": "rtrim(mail_to_address4)"
    },
    {
      "source_column_name": "pros_status",
      "target_column_name": "pros_status",
      "data_type": "string",
      "column_logic": "rtrim(pros_status)"
    },
    {
      "source_column_name": "attempt",
      "target_column_name": "attempt",
      "data_type": "smallint"
    },
    {
      "source_column_name": "gl_req_datetime",
      "target_column_name": "gl_req_datetime",
      "data_type": "timestamp",
      "column_logic": "mdp{{env}}.udf.convert_tms(`gl_req_datetime`, 'yyyy-MM-dd HH:mm:ss.S',False)"
    },
    {
      "source_column_name": "utr_sr_no",
      "target_column_name": "utr_sr_no",
      "data_type": "string",
      "column_logic": "rtrim(utr_sr_no)"
    },
    {
      "source_column_name": "coordinator_code",
      "target_column_name": "coordinator_code",
      "data_type": "string",
      "column_logic": "rtrim(coordinator_code)"
    },
    {
      "source_column_name": "ifsc_code",
      "target_column_name": "ifsc_code",
      "data_type": "string",
      "column_logic": "rtrim(ifsc_code)"
    },
    {
      "source_column_name": "iban",
      "target_column_name": "iban",
      "data_type": "string",
      "column_logic": "rtrim(iban)"
    },
    {
      "source_column_name": "rcswiftbiccode",
      "target_column_name": "rcswiftbiccode",
      "data_type": "string",
      "column_logic": "rtrim(rcswiftbiccode)"
    },
    {
      "source_column_name": "funding_country",
      "target_column_name": "funding_country",
      "data_type": "string",
      "column_logic": "rtrim(funding_country)"
    },
    {
      "source_column_name": "bene_cell_nmbr",
      "target_column_name": "bene_cell_nmbr",
      "data_type": "string",
      "column_logic": "rtrim(bene_cell_nmbr)"
    },
    {
      "source_column_name": "bene_pin_code",
      "target_column_name": "bene_pin_code",
      "data_type": "string",
      "column_logic": "rtrim(bene_pin_code)"
    },
    {
      "source_column_name": "remit_txn_ref_no",
      "target_column_name": "remit_txn_ref_no",
      "data_type": "string",
      "column_logic": "rtrim(remit_txn_ref_no)"
    },
    {
      "source_column_name": "fd_form_sr_nmbr",
      "target_column_name": "fd_form_sr_nmbr",
      "data_type": "string",
      "column_logic": "rtrim(fd_form_sr_nmbr)"
    },
    {
      "source_column_name": "disb_country",
      "target_column_name": "disb_country",
      "data_type": "string",
      "column_logic": "rtrim(disb_country)"
    },
    {
      "source_column_name": "fd_tenure",
      "target_column_name": "fd_tenure",
      "data_type": "bigint"
    },
    {
      "source_column_name": "bene_phone_nmbr",
      "target_column_name": "bene_phone_nmbr",
      "data_type": "string",
      "column_logic": "rtrim(bene_phone_nmbr)"
    },
    {
      "source_column_name": "seller_code",
      "target_column_name": "seller_code",
      "data_type": "string",
      "column_logic": "rtrim(seller_code)"
    },
    {
      "source_column_name": "ratetype",
      "target_column_name": "ratetype",
      "data_type": "string",
      "column_logic": "rtrim(ratetype)"
    },
    {
      "source_column_name": "debit_payment_amnt_flag",
      "target_column_name": "debit_payment_amnt_flag",
      "data_type": "string",
      "column_logic": "rtrim(debit_payment_amnt_flag)"
    },
    {
      "source_column_name": "dr_cr_flag",
      "target_column_name": "dr_cr_flag",
      "data_type": "string",
      "column_logic": "rtrim(dr_cr_flag)"
    },
    {
      "source_column_name": "inst_narration",
      "target_column_name": "inst_narration",
      "data_type": "string",
      "column_logic": "rtrim(inst_narration)"
    },
    {
      "source_column_name": "inter_seller_txn",
      "target_column_name": "inter_seller_txn",
      "data_type": "string",
      "column_logic": "rtrim(inter_seller_txn)"
    },
    {
      "source_column_name": "opposite_seller_code",
      "target_column_name": "opposite_seller_code",
      "data_type": "string",
      "column_logic": "rtrim(opposite_seller_code)"
    },
    {
      "source_column_name": "inter_seller_txn_ref_nmbr",
      "target_column_name": "inter_seller_txn_ref_nmbr",
      "data_type": "string",
      "column_logic": "rtrim(inter_seller_txn_ref_nmbr)"
    },
    {
      "source_column_name": "op_party_name",
      "target_column_name": "op_party_name",
      "data_type": "string",
      "column_logic": "rtrim(op_party_name)"
    },
    {
      "source_column_name": "op_address1",
      "target_column_name": "op_address1",
      "data_type": "string",
      "column_logic": "rtrim(op_address1)"
    },
    {
      "source_column_name": "op_address2",
      "target_column_name": "op_address2",
      "data_type": "string",
      "column_logic": "rtrim(op_address2)"
    },
    {
      "source_column_name": "op_address3",
      "target_column_name": "op_address3",
      "data_type": "string",
      "column_logic": "rtrim(op_address3)"
    },
    {
      "source_column_name": "op_address4",
      "target_column_name": "op_address4",
      "data_type": "string",
      "column_logic": "rtrim(op_address4)"
    },
    {
      "source_column_name": "op_tel_nmbr",
      "target_column_name": "op_tel_nmbr",
      "data_type": "string",
      "column_logic": "rtrim(op_tel_nmbr)"
    },
    {
      "source_column_name": "op_fax_nmbr",
      "target_column_name": "op_fax_nmbr",
      "data_type": "string",
      "column_logic": "rtrim(op_fax_nmbr)"
    },
    {
      "source_column_name": "op_email",
      "target_column_name": "op_email",
      "data_type": "string",
      "column_logic": "rtrim(op_email)"
    },
    {
      "source_column_name": "op_contact_person",
      "target_column_name": "op_contact_person",
      "data_type": "string",
      "column_logic": "rtrim(op_contact_person)"
    },
    {
      "source_column_name": "op_co_mailing_city",
      "target_column_name": "op_co_mailing_city",
      "data_type": "string",
      "column_logic": "rtrim(op_co_mailing_city)"
    },
    {
      "source_column_name": "op_co_mailing_state",
      "target_column_name": "op_co_mailing_state",
      "data_type": "string",
      "column_logic": "rtrim(op_co_mailing_state)"
    },
    {
      "source_column_name": "op_co_mailing_country",
      "target_column_name": "op_co_mailing_country",
      "data_type": "string",
      "column_logic": "rtrim(op_co_mailing_country)"
    },
    {
      "source_column_name": "supporting_doc_name",
      "target_column_name": "supporting_doc_name",
      "data_type": "string",
      "column_logic": "rtrim(supporting_doc_name)"
    },
    {
      "source_column_name": "delivery_status",
      "target_column_name": "delivery_status",
      "data_type": "string",
      "column_logic": "rtrim(delivery_status)"
    },
    {
      "source_column_name": "unique_reference_id",
      "target_column_name": "unique_reference_id",
      "data_type": "string",
      "column_logic": "rtrim(unique_reference_id)"
    },
    {
      "source_column_name": "duplicate_record_ref",
      "target_column_name": "duplicate_record_ref",
      "data_type": "string",
      "column_logic": "rtrim(duplicate_record_ref)"
    },
    {
      "source_column_name": "cw_myproduct",
      "target_column_name": "cw_myproduct",
      "data_type": "string",
      "column_logic": "rtrim(cw_myproduct)"
    },
    {
      "source_column_name": "cw_trans_ref",
      "target_column_name": "cw_trans_ref",
      "data_type": "string",
      "column_logic": "rtrim(cw_trans_ref)"
    },
    {
      "source_column_name": "signatory_code_3",
      "target_column_name": "signatory_code_3",
      "data_type": "string",
      "column_logic": "rtrim(signatory_code_3)"
    },
    {
      "source_column_name": "corr_bank_type",
      "target_column_name": "corr_bank_type",
      "data_type": "string",
      "column_logic": "rtrim(corr_bank_type)"
    },
    {
      "source_column_name": "corr_bank_details_1",
      "target_column_name": "corr_bank_details_1",
      "data_type": "string",
      "column_logic": "rtrim(corr_bank_details_1)"
    },
    {
      "source_column_name": "corr_bank_details_2",
      "target_column_name": "corr_bank_details_2",
      "data_type": "string",
      "column_logic": "rtrim(corr_bank_details_2)"
    },
    {
      "source_column_name": "corr_bank_details_3",
      "target_column_name": "corr_bank_details_3",
      "data_type": "string",
      "column_logic": "rtrim(corr_bank_details_3)"
    },
    {
      "source_column_name": "corr_bank_details_4",
      "target_column_name": "corr_bank_details_4",
      "data_type": "string",
      "column_logic": "rtrim(corr_bank_details_4)"
    },
    {
      "source_column_name": "corr_bank_bic",
      "target_column_name": "corr_bank_bic",
      "data_type": "string",
      "column_logic": "rtrim(corr_bank_bic)"
    },
    {
      "source_column_name": "corr_bank_nostro_acc",
      "target_column_name": "corr_bank_nostro_acc",
      "data_type": "string",
      "column_logic": "rtrim(corr_bank_nostro_acc)"
    },
    {
      "source_column_name": "intermediary_bank_type",
      "target_column_name": "intermediary_bank_type",
      "data_type": "string",
      "column_logic": "rtrim(intermediary_bank_type)"
    },
    {
      "source_column_name": "intermediary_bank_details_1",
      "target_column_name": "intermediary_bank_details_1",
      "data_type": "string",
      "column_logic": "rtrim(intermediary_bank_details_1)"
    },
    {
      "source_column_name": "intermediary_bank_details_2",
      "target_column_name": "intermediary_bank_details_2",
      "data_type": "string",
      "column_logic": "rtrim(intermediary_bank_details_2)"
    },
    {
      "source_column_name": "intermediary_bank_details_3",
      "target_column_name": "intermediary_bank_details_3",
      "data_type": "string",
      "column_logic": "rtrim(intermediary_bank_details_3)"
    },
    {
      "source_column_name": "intermediary_bank_details_4",
      "target_column_name": "intermediary_bank_details_4",
      "data_type": "string",
      "column_logic": "rtrim(intermediary_bank_details_4)"
    },
    {
      "source_column_name": "intermediary_bank_bic",
      "target_column_name": "intermediary_bank_bic",
      "data_type": "string",
      "column_logic": "rtrim(intermediary_bank_bic)"
    },
    {
      "source_column_name": "intermediary_bank_nostro_acc",
      "target_column_name": "intermediary_bank_nostro_acc",
      "data_type": "string",
      "column_logic": "rtrim(intermediary_bank_nostro_acc)"
    },
    {
      "source_column_name": "sms_lang",
      "target_column_name": "sms_lang",
      "data_type": "string",
      "column_logic": "rtrim(sms_lang)"
    },
    {
      "source_column_name": "pickup_location",
      "target_column_name": "pickup_location",
      "data_type": "string",
      "column_logic": "rtrim(pickup_location)"
    },
    {
      "source_column_name": "rule_code",
      "target_column_name": "rule_code",
      "data_type": "string",
      "column_logic": "rtrim(rule_code)"
    },
    {
      "source_column_name": "bene_name_in_english",
      "target_column_name": "bene_name_in_english",
      "data_type": "string",
      "column_logic": "rtrim(bene_name_in_english)"
    },
    {
      "source_column_name": "cmis_parameter",
      "target_column_name": "cmis_parameter",
      "data_type": "string",
      "column_logic": "rtrim(cmis_parameter)"
    },
    {
      "source_column_name": "enrichment_value1",
      "target_column_name": "enrichment_value1",
      "data_type": "string",
      "column_logic": "rtrim(enrichment_value1)"
    },
    {
      "source_column_name": "enrichment_value2",
      "target_column_name": "enrichment_value2",
      "data_type": "string",
      "column_logic": "rtrim(enrichment_value2)"
    },
    {
      "source_column_name": "enrichment_value3",
      "target_column_name": "enrichment_value3",
      "data_type": "string",
      "column_logic": "rtrim(enrichment_value3)"
    },
    {
      "source_column_name": "enrichment_value4",
      "target_column_name": "enrichment_value4",
      "data_type": "string",
      "column_logic": "rtrim(enrichment_value4)"
    },
    {
      "source_column_name": "enrichment_value5",
      "target_column_name": "enrichment_value5",
      "data_type": "string",
      "column_logic": "rtrim(enrichment_value5)"
    },
    {
      "source_column_name": "kbank_deposit_product_code",
      "target_column_name": "kbank_deposit_product_code",
      "data_type": "string",
      "column_logic": "rtrim(kbank_deposit_product_code)"
    },
    {
      "source_column_name": "merchant_code",
      "target_column_name": "merchant_code",
      "data_type": "string",
      "column_logic": "rtrim(merchant_code)"
    },
    {
      "source_column_name": "merchant_name",
      "target_column_name": "merchant_name",
      "data_type": "string",
      "column_logic": "rtrim(merchant_name)"
    },
    {
      "source_column_name": "ref1_value",
      "target_column_name": "ref1_value",
      "data_type": "string",
      "column_logic": "rtrim(ref1_value)"
    },
    {
      "source_column_name": "ref2_value",
      "target_column_name": "ref2_value",
      "data_type": "string",
      "column_logic": "rtrim(ref2_value)"
    },
    {
      "source_column_name": "ref3_value",
      "target_column_name": "ref3_value",
      "data_type": "string",
      "column_logic": "rtrim(ref3_value)"
    },
    {
      "source_column_name": "merchant_id",
      "target_column_name": "merchant_id",
      "data_type": "string",
      "column_logic": "rtrim(merchant_id)"
    },
    {
      "source_column_name": "pre_schedule_flag",
      "target_column_name": "pre_schedule_flag",
      "data_type": "string",
      "column_logic": "rtrim(pre_schedule_flag)"
    },
    {
      "source_column_name": "promptpay_type",
      "target_column_name": "promptpay_type",
      "data_type": "string",
      "column_logic": "rtrim(promptpay_type)"
    },
    {
      "source_column_name": "promptpay_id",
      "target_column_name": "promptpay_id",
      "data_type": "string",
      "column_logic": "rtrim(promptpay_id)"
    }
  ]
}