{
  "job_name": "ingest_gcp_pir_header_txn_d",
  "job_info": {
    "source_name": "gcp",
    "raw_catalog_name": "mdp{{env}}",
    "raw_schema_name": "raw_gcp",
    "raw_table_name": "gcp_pir_header_txn",
    "persist_catalog_name": "mdp{{env}}",
    "persist_schema_name": "persist_gcp",
    "persist_table_name": "gcp_pir_header_txn"
  },
  "mapping": [
    {
      "source_column_name": "pir_nmbr",
      "target_column_name": "pir_nmbr",
      "data_type": "string",
      "column_logic": "rtrim(pir_nmbr)"
    },
    {
      "source_column_name": "product_code",
      "target_column_name": "product_code",
      "data_type": "string",
      "column_logic": "rtrim(product_code)"
    },
    {
      "source_column_name": "activation_date",
      "target_column_name": "activation_date",
      "data_type": "date",
      "column_logic": "mdp{{env}}.udf.convert_dt(`activation_date`, 'yyyy-MM-dd HH:mm:ss.S',False)"
    },
    {
      "source_column_name": "client_code",
      "target_column_name": "client_code",
      "data_type": "string",
      "column_logic": "rtrim(client_code)"
    },
    {
      "source_column_name": "arrangement_code",
      "target_column_name": "arrangement_code",
      "data_type": "string",
      "column_logic": "rtrim(arrangement_code)"
    },
    {
      "source_column_name": "account_name",
      "target_column_name": "account_name",
      "data_type": "string",
      "column_logic": "rtrim(account_name)"
    },
    {
      "source_column_name": "account_nmbr",
      "target_column_name": "account_nmbr",
      "data_type": "string",
      "column_logic": "rtrim(account_nmbr)"
    },
    {
      "source_column_name": "account_branch",
      "target_column_name": "account_branch",
      "data_type": "string",
      "column_logic": "rtrim(account_branch)"
    },
    {
      "source_column_name": "client_debit_date",
      "target_column_name": "client_debit_date",
      "data_type": "date",
      "column_logic": "mdp{{env}}.udf.convert_dt(`client_debit_date`, 'yyyy-MM-dd HH:mm:ss.S',False)"
    },
    {
      "source_column_name": "client_disbursement_date",
      "target_column_name": "client_disbursement_date",
      "data_type": "date",
      "column_logic": "mdp{{env}}.udf.convert_dt(`client_disbursement_date`, 'yyyy-MM-dd HH:mm:ss.S',False)"
    },
    {
      "source_column_name": "total_instruments",
      "target_column_name": "total_instruments",
      "data_type": "integer"
    },
    {
      "source_column_name": "total_amnt",
      "target_column_name": "total_amnt",
      "data_type": "decimal(20,4)"
    },
    {
      "source_column_name": "reported_instruments",
      "target_column_name": "reported_instruments",
      "data_type": "integer"
    },
    {
      "source_column_name": "reported_amnt",
      "target_column_name": "reported_amnt",
      "data_type": "decimal(20,4)"
    },
    {
      "source_column_name": "pir_reference_nmbr",
      "target_column_name": "pir_reference_nmbr",
      "data_type": "string",
      "column_logic": "rtrim(pir_reference_nmbr)"
    },
    {
      "source_column_name": "pir_date",
      "target_column_name": "pir_date",
      "data_type": "date",
      "column_logic": "mdp{{env}}.udf.convert_dt(`pir_date`, 'yyyy-MM-dd HH:mm:ss.S',False)"
    },
    {
      "source_column_name": "entry_date",
      "target_column_name": "entry_date",
      "data_type": "date",
      "column_logic": "mdp{{env}}.udf.convert_dt(`entry_date`, 'yyyy-MM-dd HH:mm:ss.S',False)"
    },
    {
      "source_column_name": "pay_in_mode",
      "target_column_name": "pay_in_mode",
      "data_type": "string",
      "column_logic": "rtrim(pay_in_mode)"
    },
    {
      "source_column_name": "total_inst_released",
      "target_column_name": "total_inst_released",
      "data_type": "integer"
    },
    {
      "source_column_name": "total_released_amnt",
      "target_column_name": "total_released_amnt",
      "data_type": "decimal(20,4)"
    },
    {
      "source_column_name": "delivery_mode",
      "target_column_name": "delivery_mode",
      "data_type": "string",
      "column_logic": "rtrim(delivery_mode)"
    },
    {
      "source_column_name": "hand_off_date",
      "target_column_name": "hand_off_date",
      "data_type": "date",
      "column_logic": "mdp{{env}}.udf.convert_dt(`hand_off_date`, 'yyyy-MM-dd HH:mm:ss.S',False)"
    },
    {
      "source_column_name": "pir_remarks",
      "target_column_name": "pir_remarks",
      "data_type": "string",
      "column_logic": "rtrim(pir_remarks)"
    },
    {
      "source_column_name": "batch_nmbr",
      "target_column_name": "batch_nmbr",
      "data_type": "string",
      "column_logic": "rtrim(batch_nmbr)"
    },
    {
      "source_column_name": "pickup_location",
      "target_column_name": "pickup_location",
      "data_type": "string",
      "column_logic": "rtrim(pickup_location)"
    },
    {
      "source_column_name": "pickup_point",
      "target_column_name": "pickup_point",
      "data_type": "string",
      "column_logic": "rtrim(pickup_point)"
    },
    {
      "source_column_name": "upload_source",
      "target_column_name": "upload_source",
      "data_type": "string",
      "column_logic": "rtrim(upload_source)"
    },
    {
      "source_column_name": "upload_reference_nmbr",
      "target_column_name": "upload_reference_nmbr",
      "data_type": "string",
      "column_logic": "rtrim(upload_reference_nmbr)"
    },
    {
      "source_column_name": "upload_reject_status_flag",
      "target_column_name": "upload_reject_status_flag",
      "data_type": "string",
      "column_logic": "rtrim(upload_reject_status_flag)"
    },
    {
      "source_column_name": "override_code",
      "target_column_name": "override_code",
      "data_type": "string",
      "column_logic": "rtrim(override_code)"
    },
    {
      "source_column_name": "zero_proof_flag",
      "target_column_name": "zero_proof_flag",
      "data_type": "string",
      "column_logic": "rtrim(zero_proof_flag)"
    },
    {
      "source_column_name": "status_flag",
      "target_column_name": "status_flag",
      "data_type": "string",
      "column_logic": "rtrim(status_flag)"
    },
    {
      "source_column_name": "maker_code",
      "target_column_name": "maker_code",
      "data_type": "string",
      "column_logic": "rtrim(maker_code)"
    },
    {
      "source_column_name": "maker_datetime",
      "target_column_name": "maker_datetime",
      "data_type": "timestamp",
      "column_logic": "mdp{{env}}.udf.convert_tms(`maker_datetime`, 'yyyy-MM-dd HH:mm:ss.S',False)"
    },
    {
      "source_column_name": "maker_branch_code",
      "target_column_name": "maker_branch_code",
      "data_type": "string",
      "column_logic": "rtrim(maker_branch_code)"
    },
    {
      "source_column_name": "checker_code",
      "target_column_name": "checker_code",
      "data_type": "string",
      "column_logic": "rtrim(checker_code)"
    },
    {
      "source_column_name": "checker_datetime",
      "target_column_name": "checker_datetime",
      "data_type": "timestamp",
      "column_logic": "mdp{{env}}.udf.convert_tms(`checker_datetime`, 'yyyy-MM-dd HH:mm:ss.S',False)"
    },
    {
      "source_column_name": "reject_remarks",
      "target_column_name": "reject_remarks",
      "data_type": "string",
      "column_logic": "rtrim(reject_remarks)"
    },
    {
      "source_column_name": "upload_source_type",
      "target_column_name": "upload_source_type",
      "data_type": "string",
      "column_logic": "rtrim(upload_source_type)"
    },
    {
      "source_column_name": "debit_amnt",
      "target_column_name": "debit_amnt",
      "data_type": "decimal(20,4)"
    },
    {
      "source_column_name": "payment_category_code",
      "target_column_name": "payment_category_code",
      "data_type": "string",
      "column_logic": "rtrim(payment_category_code)"
    },
    {
      "source_column_name": "debit_ccy_code",
      "target_column_name": "debit_ccy_code",
      "data_type": "string",
      "column_logic": "rtrim(debit_ccy_code)"
    },
    {
      "source_column_name": "payment_priority_flag",
      "target_column_name": "payment_priority_flag",
      "data_type": "string",
      "column_logic": "rtrim(payment_priority_flag)"
    },
    {
      "source_column_name": "fx_rate",
      "target_column_name": "fx_rate",
      "data_type": "decimal(20,7)"
    },
    {
      "source_column_name": "debit_released_amnt",
      "target_column_name": "debit_released_amnt",
      "data_type": "decimal(20,4)"
    },
    {
      "source_column_name": "upload_flag",
      "target_column_name": "upload_flag",
      "data_type": "string",
      "column_logic": "rtrim(upload_flag)"
    },
    {
      "source_column_name": "charge_ccy_level",
      "target_column_name": "charge_ccy_level",
      "data_type": "string",
      "column_logic": "rtrim(charge_ccy_level)"
    },
    {
      "source_column_name": "charge_acct_nmbr",
      "target_column_name": "charge_acct_nmbr",
      "data_type": "string",
      "column_logic": "rtrim(charge_acct_nmbr)"
    },
    {
      "source_column_name": "charge_acct_ccy_code",
      "target_column_name": "charge_acct_ccy_code",
      "data_type": "string",
      "column_logic": "rtrim(charge_acct_ccy_code)"
    },
    {
      "source_column_name": "charge_acct_branch_code",
      "target_column_name": "charge_acct_branch_code",
      "data_type": "string",
      "column_logic": "rtrim(charge_acct_branch_code)"
    },
    {
      "source_column_name": "cnv_pir_amnt",
      "target_column_name": "cnv_pir_amnt",
      "data_type": "decimal(20,4)"
    },
    {
      "source_column_name": "cnv_ccy",
      "target_column_name": "cnv_ccy",
      "data_type": "string",
      "column_logic": "rtrim(cnv_ccy)"
    },
    {
      "source_column_name": "processing_type",
      "target_column_name": "processing_type",
      "data_type": "string",
      "column_logic": "rtrim(processing_type)"
    },
    {
      "source_column_name": "testing_indicator",
      "target_column_name": "testing_indicator",
      "data_type": "string",
      "column_logic": "rtrim(testing_indicator)"
    },
    {
      "source_column_name": "confidential_indicator",
      "target_column_name": "confidential_indicator",
      "data_type": "string",
      "column_logic": "rtrim(confidential_indicator)"
    },
    {
      "source_column_name": "flexible_simple",
      "target_column_name": "flexible_simple",
      "data_type": "string",
      "column_logic": "rtrim(flexible_simple)"
    },
    {
      "source_column_name": "ude_product_code",
      "target_column_name": "ude_product_code",
      "data_type": "string",
      "column_logic": "rtrim(ude_product_code)"
    },
    {
      "source_column_name": "mc_funding_acct_nmbr",
      "target_column_name": "mc_funding_acct_nmbr",
      "data_type": "string",
      "column_logic": "rtrim(mc_funding_acct_nmbr)"
    },
    {
      "source_column_name": "mc_funding_branch_code",
      "target_column_name": "mc_funding_branch_code",
      "data_type": "string",
      "column_logic": "rtrim(mc_funding_branch_code)"
    },
    {
      "source_column_name": "mc_funding_acct_ccy_code",
      "target_column_name": "mc_funding_acct_ccy_code",
      "data_type": "string",
      "column_logic": "rtrim(mc_funding_acct_ccy_code)"
    },
    {
      "source_column_name": "phd_pay_mode",
      "target_column_name": "phd_pay_mode",
      "data_type": "string",
      "column_logic": "rtrim(phd_pay_mode)"
    },
    {
      "source_column_name": "cf_payment",
      "target_column_name": "cf_payment",
      "data_type": "string",
      "column_logic": "rtrim(cf_payment)"
    },
    {
      "source_column_name": "invoice_int_ref_nmbr",
      "target_column_name": "invoice_int_ref_nmbr",
      "data_type": "string",
      "column_logic": "rtrim(invoice_int_ref_nmbr)"
    },
    {
      "source_column_name": "pros_status",
      "target_column_name": "pros_status",
      "data_type": "string",
      "column_logic": "rtrim(pros_status)"
    },
    {
      "source_column_name": "attempt",
      "target_column_name": "attempt",
      "data_type": "smallint"
    },
    {
      "source_column_name": "gl_req_datetime",
      "target_column_name": "gl_req_datetime",
      "data_type": "timestamp",
      "column_logic": "mdp{{env}}.udf.convert_tms(`gl_req_datetime`, 'yyyy-MM-dd HH:mm:ss.S',False)"
    },
    {
      "source_column_name": "acct_level_flag",
      "target_column_name": "acct_level_flag",
      "data_type": "string",
      "column_logic": "rtrim(acct_level_flag)"
    },
    {
      "source_column_name": "seller_code",
      "target_column_name": "seller_code",
      "data_type": "string",
      "column_logic": "rtrim(seller_code)"
    },
    {
      "source_column_name": "pir_narration",
      "target_column_name": "pir_narration",
      "data_type": "string",
      "column_logic": "rtrim(pir_narration)"
    },
    {
      "source_column_name": "upload_source_ref",
      "target_column_name": "upload_source_ref",
      "data_type": "string",
      "column_logic": "rtrim(upload_source_ref)"
    },
    {
      "source_column_name": "cms_returned_error_code",
      "target_column_name": "cms_returned_error_code",
      "data_type": "string",
      "column_logic": "rtrim(cms_returned_error_code)"
    },
    {
      "source_column_name": "cms_returned_reason",
      "target_column_name": "cms_returned_reason",
      "data_type": "string",
      "column_logic": "rtrim(cms_returned_reason)"
    },
    {
      "source_column_name": "gl_status_flag",
      "target_column_name": "gl_status_flag",
      "data_type": "string",
      "column_logic": "rtrim(gl_status_flag)"
    },
    {
      "source_column_name": "gl_maker_code",
      "target_column_name": "gl_maker_code",
      "data_type": "string",
      "column_logic": "rtrim(gl_maker_code)"
    },
    {
      "source_column_name": "gl_maker_datetime",
      "target_column_name": "gl_maker_datetime",
      "data_type": "timestamp",
      "column_logic": "mdp{{env}}.udf.convert_tms(`gl_maker_datetime`, 'yyyy-MM-dd HH:mm:ss.S',False)"
    },
    {
      "source_column_name": "gl_maker_branch_code",
      "target_column_name": "gl_maker_branch_code",
      "data_type": "string",
      "column_logic": "rtrim(gl_maker_branch_code)"
    },
    {
      "source_column_name": "gl_checker_code",
      "target_column_name": "gl_checker_code",
      "data_type": "string",
      "column_logic": "rtrim(gl_checker_code)"
    },
    {
      "source_column_name": "gl_checker_datetime",
      "target_column_name": "gl_checker_datetime",
      "data_type": "timestamp",
      "column_logic": "mdp{{env}}.udf.convert_tms(`gl_checker_datetime`, 'yyyy-MM-dd HH:mm:ss.S',False)"
    },
    {
      "source_column_name": "gl_reject_remarks",
      "target_column_name": "gl_reject_remarks",
      "data_type": "string",
      "column_logic": "rtrim(gl_reject_remarks)"
    },
    {
      "source_column_name": "pay_channel",
      "target_column_name": "pay_channel",
      "data_type": "string",
      "column_logic": "rtrim(pay_channel)"
    },
    {
      "source_column_name": "channel_code",
      "target_column_name": "channel_code",
      "data_type": "string",
      "column_logic": "rtrim(channel_code)"
    },
    {
      "source_column_name": "repost_gl_flag",
      "target_column_name": "repost_gl_flag",
      "data_type": "string",
      "column_logic": "rtrim(repost_gl_flag)"
    },
    {
      "source_column_name": "gl_repost_type",
      "target_column_name": "gl_repost_type",
      "data_type": "string",
      "column_logic": "rtrim(gl_repost_type)"
    },
    {
      "source_column_name": "gl_verify_attempts",
      "target_column_name": "gl_verify_attempts",
      "data_type": "integer"
    },
    {
      "source_column_name": "repost_attempt_completed",
      "target_column_name": "repost_attempt_completed",
      "data_type": "smallint"
    },
    {
      "source_column_name": "host_gl_type",
      "target_column_name": "host_gl_type",
      "data_type": "string",
      "column_logic": "rtrim(host_gl_type)"
    },
    {
      "source_column_name": "bill_pay",
      "target_column_name": "bill_pay",
      "data_type": "string",
      "column_logic": "rtrim(bill_pay)"
    },
    {
      "source_column_name": "pay_type",
      "target_column_name": "pay_type",
      "data_type": "string",
      "column_logic": "rtrim(pay_type)"
    }
  ]
}