{
    "job_name": "extrct_ks_acctxcust_s",
    "pipeline_name": "ExtractionPipeline",
    "area_name": "ks",
    "job_seq": "1",
    "job_info": {
        "data_source_type": "LocalLocation",
        "file_name": "KSec_wealth_{{ptn_yyyy}}{{ptn_mm}}{{ptn_dd}}.*",
        "data_target_type": "ADLSLocation",
        "data_target_filepath": "{{mdp_inbnd.filepath}}/ks/KSec_wealth_{{ptn_yyyy}}{{ptn_mm}}{{ptn_dd}}.*"
    },
    "tasks": {
        "file_extractor_task": {
            "module_name": "ZipFileExtractorTask",
            "bypass_flag": "false",
            "parameters": {
                "source_file_location": "{{local_storage.filepath}}/ks/KSec_wealth_{{ptn_yyyy}}{{ptn_mm}}{{ptn_dd}}.zip"
            }
        },
        "azcopy_data_transfer_task": {
            "module_name": "AzCopyDataTransferTask",
            "bypass_flag": "false",
            "parameters": {
                "azcopy_command": "cp",
                "target": {
                    "type": "ADLSLocation",
                    "account_name": "{{mdp_inbnd.account_name}}",
                    "container_name": "{{mdp_inbnd.container_name}}",
                    "sas_token": "{{mdp_inbnd.sas_token}}",
                    "filepath": "{{mdp_inbnd.filepath}}/ks/"
                }
            }
        }
    }
}