{
    "data_source": {
        "asset": "lpm_tdr_ct1d408a",
        "context_root_dir": "/Volumes/mdp{{env}}/artifact/data_quality/gx",
        "index_column_names": [
            "เลขที่ลูกหนี้"
        ],
        "name": "lpm_tdr"
    },
    "expectation_suites": [
        {
            "expectation_suite_name": "tech_vld_suite_lpm_tdr_lpm_tdr_ct1d408a",
            "expectations": [
                {
                    "expectation_type": "expect_column_values_to_be_unique",
                    "kwargs": {
                        "column": "เลขที่ลูกหนี้"
                    },
                    "meta": {
                        "level": "WARNING",
                        "rule_id": "TECH_VLD_0001"
                    }
                },
                {
                    "expectation_type": "expect_column_values_to_not_be_null",
                    "kwargs": {
                        "column": "เลขที่ลูกหนี้"
                    },
                    "meta": {
                        "level": "WARNING",
                        "rule_id": "TECH_VLD_0002"
                    }
                },
                {
                    "expectation_type": "expect_column_values_to_not_be_null",
                    "kwargs": {
                        "column": "เลขที่บัญชี(เดิม)"
                    },
                    "meta": {
                        "level": "WARNING",
                        "rule_id": "TECH_VLD_0002"
                    }
                },
                {
                    "expectation_type": "expect_column_values_to_not_be_null",
                    "kwargs": {
                        "column": "ครั้งที่แก้ไขหนี้"
                    },
                    "meta": {
                        "level": "WARNING",
                        "rule_id": "TECH_VLD_0002"
                    }
                }
            ]
        }
    ],
    "validators": [
        {
            "expectation_suite_name": "tech_vld_suite_lpm_tdr_lpm_tdr_ct1d408a",
            "validator_name": "lpm_tdr_lpm_tdr_ct1d408a_checkpoint"
        }
    ]
}