{
  "job_name": "ingest_kweb_droplead_d",
  "job_info": {
    "source_name": "kweb",
    "raw_catalog_name": "mdp{{env}}",
    "raw_schema_name": "raw_kweb",
    "raw_table_name": "kweb_droplead",
    "persist_catalog_name": "mdp{{env}}",
    "persist_schema_name": "persist_kweb",
    "persist_table_name": "kweb_droplead"
  },
  "mapping": [
    {
      "source_column_name": "national_id",
      "target_column_name": "national_id",
      "data_type": "string",
      "column_logic": "rtrim(national_id)"
    },
    {
      "source_column_name": "start_date",
      "target_column_name": "start_date",
      "data_type": "timestamp",
      "column_logic": "mdp{{env}}.udf.convert_tms(`start_date`, 'yyyy-MM-dd HH:mm:ss',False)"
    },
    {
      "source_column_name": "end date",
      "target_column_name": "end date",
      "data_type": "timestamp",
      "column_logic": "mdp{{env}}.udf.convert_tms(`end date`, 'yyyy-MM-dd HH:mm:ss',False)"
    },
    {
      "source_column_name": "salutation",
      "target_column_name": "salutation",
      "data_type": "string",
      "column_logic": "rtrim(salutation)"
    },
    {
      "source_column_name": "first name",
      "target_column_name": "first name",
      "data_type": "string",
      "column_logic": "rtrim(first name)"
    },
    {
      "source_column_name": "last name",
      "target_column_name": "last name",
      "data_type": "string",
      "column_logic": "rtrim(last name)"
    },
    {
      "source_column_name": "mobile_no",
      "target_column_name": "mobile_no",
      "data_type": "string",
      "column_logic": "rtrim(mobile_no)"
    },
    {
      "source_column_name": "email",
      "target_column_name": "email",
      "data_type": "string",
      "column_logic": "rtrim(email)"
    },
    {
      "source_column_name": "product_holding",
      "target_column_name": "product_holding",
      "data_type": "string",
      "column_logic": "rtrim(product_holding)"
    },
    {
      "source_column_name": "offered_product",
      "target_column_name": "offered_product",
      "data_type": "string",
      "column_logic": "rtrim(offered_product)"
    },
    {
      "source_column_name": "customer_income",
      "target_column_name": "customer_income",
      "data_type": "string",
      "column_logic": "rtrim(customer_income)"
    },
    {
      "source_column_name": "ref_code_c",
      "target_column_name": "ref_code_c",
      "data_type": "string",
      "column_logic": "rtrim(ref_code_c)"
    },
    {
      "source_column_name": "utm_medium",
      "target_column_name": "utm_medium",
      "data_type": "string",
      "column_logic": "rtrim(utm_medium)"
    },
    {
      "source_column_name": "utm_source",
      "target_column_name": "utm_source",
      "data_type": "string",
      "column_logic": "rtrim(utm_source)"
    },
    {
      "source_column_name": "utm_campaign",
      "target_column_name": "utm_campaign",
      "data_type": "string",
      "column_logic": "rtrim(utm_campaign)"
    },
    {
      "source_column_name": "utm_content",
      "target_column_name": "utm_content",
      "data_type": "string",
      "column_logic": "rtrim(utm_content)"
    },
    {
      "source_column_name": "complete_form",
      "target_column_name": "complete_form",
      "data_type": "string",
      "column_logic": "rtrim(complete_form)"
    },
    {
      "source_column_name": "data_date",
      "target_column_name": "data_date",
      "data_type": "timestamp",
      "column_logic": "mdp{{env}}.udf.convert_tms(`data_date`, '',False)"
    },
    {
      "source_column_name": "utm_kw",
      "target_column_name": "utm_kw",
      "data_type": "string",
      "column_logic": "rtrim(utm_kw)"
    },
    {
      "source_column_name": "districtcode",
      "target_column_name": "districtcode",
      "data_type": "string",
      "column_logic": "rtrim(districtcode)"
    },
    {
      "source_column_name": "provincecode",
      "target_column_name": "provincecode",
      "data_type": "string",
      "column_logic": "rtrim(provincecode)"
    },
    {
      "source_column_name": "rccode",
      "target_column_name": "rccode",
      "data_type": "string",
      "column_logic": "rtrim(rccode)"
    },
    {
      "source_column_name": "branch_name",
      "target_column_name": "branch_name",
      "data_type": "string",
      "column_logic": "rtrim(branch_name)"
    },
    {
      "source_column_name": "registtype",
      "target_column_name": "registtype",
      "data_type": "string",
      "column_logic": "rtrim(registtype)"
    },
    {
      "source_column_name": "companyregisttype",
      "target_column_name": "companyregisttype",
      "data_type": "string",
      "column_logic": "rtrim(companyregisttype)"
    },
    {
      "source_column_name": "company_name",
      "target_column_name": "company_name",
      "data_type": "string",
      "column_logic": "rtrim(company_name)"
    },
    {
      "source_column_name": "butype",
      "target_column_name": "butype",
      "data_type": "string",
      "column_logic": "rtrim(butype)"
    },
    {
      "source_column_name": "fi_amount",
      "target_column_name": "fi_amount",
      "data_type": "string",
      "column_logic": "rtrim(fi_amount)"
    },
    {
      "source_column_name": "other_interest_pro",
      "target_column_name": "other_interest_pro",
      "data_type": "string",
      "column_logic": "rtrim(other_interest_pro)"
    },
    {
      "source_column_name": "other",
      "target_column_name": "other",
      "data_type": "string",
      "column_logic": "rtrim(other)"
    },
    {
      "source_column_name": "buexperience",
      "target_column_name": "buexperience",
      "data_type": "string",
      "column_logic": "rtrim(buexperience)"
    },
    {
      "source_column_name": "onlinestore",
      "target_column_name": "onlinestore",
      "data_type": "string",
      "column_logic": "rtrim(onlinestore)"
    },
    {
      "source_column_name": "interestfiamounttype",
      "target_column_name": "interestfiamounttype",
      "data_type": "string",
      "column_logic": "rtrim(interestfiamounttype)"
    },
    {
      "source_column_name": "guarantee",
      "target_column_name": "guarantee",
      "data_type": "string",
      "column_logic": "rtrim(guarantee)"
    },
    {
      "source_column_name": "occ_pt",
      "target_column_name": "occ_pt",
      "data_type": "string",
      "column_logic": "rtrim(occ_pt)"
    },
    {
      "source_column_name": "banner_id",
      "target_column_name": "banner_id",
      "data_type": "string",
      "column_logic": "rtrim(banner_id)"
    },
    {
      "source_column_name": "cnt_tms",
      "target_column_name": "cnt_tms",
      "data_type": "string",
      "column_logic": "rtrim(cnt_tms)"
    },
    {
      "source_column_name": "corporate_id",
      "target_column_name": "corporate_id",
      "data_type": "string",
      "column_logic": "rtrim(corporate_id)"
    },
    {
      "source_column_name": "cisno",
      "target_column_name": "cisno",
      "data_type": "string",
      "column_logic": "rtrim(cisno)"
    },
    {
      "source_column_name": "objectiveloan",
      "target_column_name": "objectiveloan",
      "data_type": "string",
      "column_logic": "rtrim(objectiveloan)"
    },
    {
      "source_column_name": "interesthomeflag",
      "target_column_name": "interesthomeflag",
      "data_type": "string",
      "column_logic": "rtrim(interesthomeflag)"
    },
    {
      "source_column_name": "pfs_propertyno",
      "target_column_name": "pfs_propertyno",
      "data_type": "string",
      "column_logic": "rtrim(pfs_propertyno)"
    },
    {
      "source_column_name": "pfs_url",
      "target_column_name": "pfs_url",
      "data_type": "string",
      "column_logic": "rtrim(pfs_url)"
    },
    {
      "source_column_name": "pfs_ao",
      "target_column_name": "pfs_ao",
      "data_type": "string",
      "column_logic": "rtrim(pfs_ao)"
    },
    {
      "source_column_name": "pfs_aoname",
      "target_column_name": "pfs_aoname",
      "data_type": "string",
      "column_logic": "rtrim(pfs_aoname)"
    },
    {
      "source_column_name": "pfs_an",
      "target_column_name": "pfs_an",
      "data_type": "string",
      "column_logic": "rtrim(pfs_an)"
    },
    {
      "source_column_name": "pfs_anname",
      "target_column_name": "pfs_anname",
      "data_type": "string",
      "column_logic": "rtrim(pfs_anname)"
    },
    {
      "source_column_name": "pfs_warmlead_by",
      "target_column_name": "pfs_warmlead_by",
      "data_type": "string",
      "column_logic": "rtrim(pfs_warmlead_by)"
    },
    {
      "source_column_name": "pfs_chanel",
      "target_column_name": "pfs_chanel",
      "data_type": "string",
      "column_logic": "rtrim(pfs_chanel)"
    },
    {
      "source_column_name": "utm_uuid",
      "target_column_name": "utm_uuid",
      "data_type": "string",
      "column_logic": "rtrim(utm_uuid)"
    },
    {
      "source_column_name": "campgn_name1",
      "target_column_name": "campgn_name1",
      "data_type": "string",
      "column_logic": "rtrim(campgn_name1)"
    },
    {
      "source_column_name": "campgn_name2",
      "target_column_name": "campgn_name2",
      "data_type": "string",
      "column_logic": "rtrim(campgn_name2)"
    },
    {
      "source_column_name": "campgn_chosen1",
      "target_column_name": "campgn_chosen1",
      "data_type": "string",
      "column_logic": "rtrim(campgn_chosen1)"
    },
    {
      "source_column_name": "campgn_chosen2",
      "target_column_name": "campgn_chosen2",
      "data_type": "string",
      "column_logic": "rtrim(campgn_chosen2)"
    },
    {
      "source_column_name": "campgn_chosen3",
      "target_column_name": "campgn_chosen3",
      "data_type": "string",
      "column_logic": "rtrim(campgn_chosen3)"
    },
    {
      "source_column_name": "campgn_chosen4",
      "target_column_name": "campgn_chosen4",
      "data_type": "string",
      "column_logic": "rtrim(campgn_chosen4)"
    },
    {
      "source_column_name": "campgn_chosen5",
      "target_column_name": "campgn_chosen5",
      "data_type": "string",
      "column_logic": "rtrim(campgn_chosen5)"
    },
    {
      "source_column_name": "emp_name_recommend",
      "target_column_name": "emp_name_recommend",
      "data_type": "string",
      "column_logic": "rtrim(emp_name_recommend)"
    },
    {
      "source_column_name": "emp_id_recommend",
      "target_column_name": "emp_id_recommend",
      "data_type": "string",
      "column_logic": "rtrim(emp_id_recommend)"
    },
    {
      "source_column_name": "reference_api",
      "target_column_name": "reference_api",
      "data_type": "string",
      "column_logic": "rtrim(reference_api)"
    },
    {
      "source_column_name": "mgm code",
      "target_column_name": "mgm code",
      "data_type": "string",
      "column_logic": "rtrim(mgm code)"
    },
    {
      "source_column_name": "additionalfield1",
      "target_column_name": "additionalfield1",
      "data_type": "string",
      "column_logic": "rtrim(additionalfield1)"
    },
    {
      "source_column_name": "additionalfield2",
      "target_column_name": "additionalfield2",
      "data_type": "string",
      "column_logic": "rtrim(additionalfield2)"
    },
    {
      "source_column_name": "additionalfield3",
      "target_column_name": "additionalfield3",
      "data_type": "string",
      "column_logic": "rtrim(additionalfield3)"
    },
    {
      "source_column_name": "additionalfield4",
      "target_column_name": "additionalfield4",
      "data_type": "string",
      "column_logic": "rtrim(additionalfield4)"
    },
    {
      "source_column_name": "additionalfield5",
      "target_column_name": "additionalfield5",
      "data_type": "string",
      "column_logic": "rtrim(additionalfield5)"
    },
    {
      "source_column_name": "additionalfield6",
      "target_column_name": "additionalfield6",
      "data_type": "string",
      "column_logic": "rtrim(additionalfield6)"
    },
    {
      "source_column_name": "additionalfield7",
      "target_column_name": "additionalfield7",
      "data_type": "string",
      "column_logic": "rtrim(additionalfield7)"
    }
  ]
}