{
    "data_source": {
        "asset": "mnul_cust_se_unknwn_idy",
        "context_root_dir": "/Volumes/mdp{{env}}/artifact/data_quality/gx",
        "index_column_names": [],
        "name": "mnul"
    },
    "expectation_suites": [
        {
            "expectation_suite_name": "tech_vld_suite_persist_mnul_mnul_cust_se_unknwn_idy",
            "expectations": [
                {
                    "expectation_type": "expect_column_values_to_not_be_null",
                    "kwargs": {
                        "column": "ip_id"
                    },
                    "meta": {
                        "level": "WARNING",
                        "rule_id": "TECH_VLD_0002"
                    }
                },
                {
                    "expectation_type": "expect_column_values_to_not_be_null",
                    "kwargs": {
                        "column": "se_fld_nm"
                    },
                    "meta": {
                        "level": "WARNING",
                        "rule_id": "TECH_VLD_0002"
                    }
                }
            ]
        }
    ],
    "validators": [
        {
            "expectation_suite_name": "tech_vld_suite_persist_mnul_mnul_cust_se_unknwn_idy",
            "validator_name": "persist_mnul_mnul_cust_se_unknwn_idy_checkpoint"
        }
    ]
}