{
  "job_name": "ingest_csm_csm_custxformxconsentnonkblog_d",
  "job_info": {
    "source_name": "csm",
    "raw_catalog_name": "mdp{{env}}",
    "raw_schema_name": "raw_csm",
    "raw_table_name": "csm_custxformxconsentnonkblog",
    "persist_catalog_name": "mdp{{env}}",
    "persist_schema_name": "persist_csm",
    "persist_table_name": "csm_custxformxconsentnonkblog"
  },
  "mapping": [
    {
      "source_column_name": "lcustfcnkb_id_card",
      "target_column_name": "lcustfcnkb_id_card",
      "data_type": "string",
      "column_logic": "rtrim(lcustfcnkb_id_card)"
    },
    {
      "source_column_name": "lcustfcnkb_birth_date",
      "target_column_name": "lcustfcnkb_birth_date",
      "data_type": "date",
      "column_logic": "mdp{{env}}.udf.convert_dt(`lcustfcnkb_birth_date`, 'yyyy-MM-dd',False)"
    },
    {
      "source_column_name": "lcustfcnkb_doc_type",
      "target_column_name": "lcustfcnkb_doc_type",
      "data_type": "string",
      "column_logic": "rtrim(lcustfcnkb_doc_type)"
    },
    {
      "source_column_name": "lcustfcnkb_form_id",
      "target_column_name": "lcustfcnkb_form_id",
      "data_type": "integer"
    },
    {
      "source_column_name": "lcustfcnkb_consent_eff_date",
      "target_column_name": "lcustfcnkb_consent_eff_date",
      "data_type": "timestamp",
      "column_logic": "mdp{{env}}.udf.convert_tms(`lcustfcnkb_consent_eff_date`, 'yyyy-MM-dd HH:mm:ss.SSS',False)"
    },
    {
      "source_column_name": "lcustfcnkb_consent_exp_date",
      "target_column_name": "lcustfcnkb_consent_exp_date",
      "data_type": "timestamp",
      "column_logic": "mdp{{env}}.udf.convert_tms(`lcustfcnkb_consent_exp_date`, 'yyyy-MM-dd HH:mm:ss.SSS',False)"
    },
    {
      "source_column_name": "lcustfcnkb_re_consent_date",
      "target_column_name": "lcustfcnkb_re_consent_date",
      "data_type": "date",
      "column_logic": "mdp{{env}}.udf.convert_dt(`lcustfcnkb_re_consent_date`, 'yyyy-MM-dd',False)"
    },
    {
      "source_column_name": "lcustfcnkb_channel_cd",
      "target_column_name": "lcustfcnkb_channel_cd",
      "data_type": "string",
      "column_logic": "rtrim(lcustfcnkb_channel_cd)"
    },
    {
      "source_column_name": "lcustfcnkb_originate_product",
      "target_column_name": "lcustfcnkb_originate_product",
      "data_type": "string",
      "column_logic": "rtrim(lcustfcnkb_originate_product)"
    },
    {
      "source_column_name": "lcustfcnkb_evidence_url",
      "target_column_name": "lcustfcnkb_evidence_url",
      "data_type": "string",
      "column_logic": "rtrim(lcustfcnkb_evidence_url)"
    },
    {
      "source_column_name": "lcustfcnkb_consent_flag",
      "target_column_name": "lcustfcnkb_consent_flag",
      "data_type": "string",
      "column_logic": "rtrim(lcustfcnkb_consent_flag)"
    },
    {
      "source_column_name": "lcustfcnkb_upd_user",
      "target_column_name": "lcustfcnkb_upd_user",
      "data_type": "string",
      "column_logic": "rtrim(lcustfcnkb_upd_user)"
    },
    {
      "source_column_name": "lcustfcnkb_upd_user_name",
      "target_column_name": "lcustfcnkb_upd_user_name",
      "data_type": "string",
      "column_logic": "rtrim(lcustfcnkb_upd_user_name)"
    },
    {
      "source_column_name": "lcustfcnkb_upd_user_deptcd",
      "target_column_name": "lcustfcnkb_upd_user_deptcd",
      "data_type": "string",
      "column_logic": "rtrim(lcustfcnkb_upd_user_deptcd)"
    },
    {
      "source_column_name": "lcustfcnkb_upd_user_deptnm",
      "target_column_name": "lcustfcnkb_upd_user_deptnm",
      "data_type": "string",
      "column_logic": "rtrim(lcustfcnkb_upd_user_deptnm)"
    },
    {
      "source_column_name": "lcustfcnkb_upd_dt",
      "target_column_name": "lcustfcnkb_upd_dt",
      "data_type": "timestamp",
      "column_logic": "mdp{{env}}.udf.convert_tms(`lcustfcnkb_upd_dt`, 'yyyy-MM-dd HH:mm:ss.SSS',False)"
    },
    {
      "source_column_name": "lcustfcnkb_upd_dt_group",
      "target_column_name": "lcustfcnkb_upd_dt_group",
      "data_type": "timestamp",
      "column_logic": "mdp{{env}}.udf.convert_tms(`lcustfcnkb_upd_dt_group`, 'yyyy-MM-dd HH:mm:ss.SSS',False)"
    },
    {
      "source_column_name": "lcustfcnkb_upd_user_l",
      "target_column_name": "lcustfcnkb_upd_user_l",
      "data_type": "string",
      "column_logic": "rtrim(lcustfcnkb_upd_user_l)"
    },
    {
      "source_column_name": "lcustfcnkb_upd_dt_l",
      "target_column_name": "lcustfcnkb_upd_dt_l",
      "data_type": "timestamp",
      "column_logic": "mdp{{env}}.udf.convert_tms(`lcustfcnkb_upd_dt_l`, 'yyyy-MM-dd HH:mm:ss.SSS',False)"
    }
  ]
}