{
  "job_name": "ingest_ks_acctxcust_s",
  "job_info": {
    "source_name": "ks",
    "raw_catalog_name": "mdp{{env}}",
    "raw_schema_name": "raw_ks",
    "raw_table_name": "ks_acctxcust",
    "persist_catalog_name": "mdp{{env}}",
    "persist_schema_name": "persist_ks",
    "persist_table_name": "ks_acctxcust"
  },
  "mapping": [
    {
      "source_column_name": "src_pos_dt",
      "target_column_name": "src_pos_dt",
      "data_type": "date",
      "column_logic": "mdp{{env}}.udf.convert_dt(`src_pos_dt`, 'yyyy-MM-dd',False)"
    },
    {
      "source_column_name": "card_id",
      "target_column_name": "card_id",
      "data_type": "string",
      "column_logic": "rtrim(card_id)"
    },
    {
      "source_column_name": "cust_cd",
      "target_column_name": "cust_cd",
      "data_type": "string",
      "column_logic": "rtrim(cust_cd)"
    },
    {
      "source_column_name": "acct",
      "target_column_name": "acct",
      "data_type": "string",
      "column_logic": "rtrim(acct)"
    },
    {
      "source_column_name": "acct_type",
      "target_column_name": "acct_type",
      "data_type": "string",
      "column_logic": "rtrim(acct_type)"
    },
    {
      "source_column_name": "acct_approve_date",
      "target_column_name": "acct_approve_date",
      "data_type": "date",
      "column_logic": "mdp{{env}}.udf.convert_dt(`acct_approve_date`, 'yyyy-MM-dd',False)"
    }
  ]
}