{
  "job_name": "ingest_lpm_tdr_ct1d408a_m",
  "job_info": {
    "source_name": "lpm_tdr",
    "raw_catalog_name": "mdp{{env}}",
    "raw_schema_name": "raw_lpm_tdr",
    "raw_table_name": "lpm_tdr_ct1d408a",
    "persist_catalog_name": "mdp{{env}}",
    "persist_schema_name": "persist_lpm_tdr",
    "persist_table_name": "lpm_tdr_ct1d408a"
  },
  "mapping": [
    {
      "source_column_name": "g_b",
      "target_column_name": "g_b",
      "data_type": "string",
      "column_logic": "rtrim(g_b)"
    },
    {
      "source_column_name": "ภาค",
      "target_column_name": "ภาค",
      "data_type": "smallint"
    },
    {
      "source_column_name": "ศูนย์",
      "target_column_name": "ศูนย์",
      "data_type": "smallint"
    },
    {
      "source_column_name": "หน่วย",
      "target_column_name": "หน่วย",
      "data_type": "smallint"
    },
    {
      "source_column_name": "สาขา",
      "target_column_name": "สาขา",
      "data_type": "smallint"
    },
    {
      "source_column_name": "เลขที่ลูกหนี้",
      "target_column_name": "เลขที่ลูกหนี้",
      "data_type": "bigint"
    },
    {
      "source_column_name": "ชื่อ-สกุล",
      "target_column_name": "ชื่อ-สกุล",
      "data_type": "string",
      "column_logic": "rtrim(ชื่อ-สกุล)"
    },
    {
      "source_column_name": "วิธีการแก้ไขหนี้",
      "target_column_name": "วิธีการแก้ไขหนี้",
      "data_type": "string",
      "column_logic": "rtrim(วิธีการแก้ไขหนี้)"
    },
    {
      "source_column_name": "ระยะเวลา เดิม(ปี)",
      "target_column_name": "ระยะเวลา เดิม(ปี)",
      "data_type": "smallint"
    },
    {
      "source_column_name": "ระยะเวลา เดิม(เดือน)",
      "target_column_name": "ระยะเวลา เดิม(เดือน)",
      "data_type": "smallint"
    },
    {
      "source_column_name": "ระยะเวลา ผ่อนมาแล้ว(ปี)",
      "target_column_name": "ระยะเวลา ผ่อนมาแล้ว(ปี)",
      "data_type": "smallint"
    },
    {
      "source_column_name": "ระยะเวลา ผ่อนมาแล้ว(เดือน)",
      "target_column_name": "ระยะเวลา ผ่อนมาแล้ว(เดือน)",
      "data_type": "smallint"
    },
    {
      "source_column_name": "ระยะเวลา เหลือ(ปี)",
      "target_column_name": "ระยะเวลา เหลือ(ปี)",
      "data_type": "smallint"
    },
    {
      "source_column_name": "ระยะเวลา เหลือ(เดือน)",
      "target_column_name": "ระยะเวลา เหลือ(เดือน)",
      "data_type": "smallint"
    },
    {
      "source_column_name": "ระยะเวลาตั๋ว เดิม(วัน)",
      "target_column_name": "ระยะเวลาตั๋ว เดิม(วัน)",
      "data_type": "smallint"
    },
    {
      "source_column_name": "ระยะเวลาตั๋ว ใหม่(วัน)",
      "target_column_name": "ระยะเวลาตั๋ว ใหม่(วัน)",
      "data_type": "smallint"
    },
    {
      "source_column_name": "เลขที่บัญชี(เดิม)",
      "target_column_name": "เลขที่บัญชี(เดิม)",
      "data_type": "string",
      "column_logic": "rtrim(เลขที่บัญชี(เดิม))"
    },
    {
      "source_column_name": "ประเภทบัญชี(เดิม)",
      "target_column_name": "ประเภทบัญชี(เดิม)",
      "data_type": "string",
      "column_logic": "rtrim(ประเภทบัญชี(เดิม))"
    },
    {
      "source_column_name": "รหัสเปลี่ยนเลขที่บัญชี",
      "target_column_name": "รหัสเปลี่ยนเลขที่บัญชี",
      "data_type": "string",
      "column_logic": "rtrim(รหัสเปลี่ยนเลขที่บัญชี)"
    },
    {
      "source_column_name": "เปลี่ยนหนี้(บัญชีใหม่)",
      "target_column_name": "เปลี่ยนหนี้(บัญชีใหม่)",
      "data_type": "string",
      "column_logic": "rtrim(เปลี่ยนหนี้(บัญชีใหม่))"
    },
    {
      "source_column_name": "ประเภท(บัญชีใหม่)",
      "target_column_name": "ประเภท(บัญชีใหม่)",
      "data_type": "string",
      "column_logic": "rtrim(ประเภท(บัญชีใหม่))"
    },
    {
      "source_column_name": "เงินต้นก่อนแก้ไขหนี้",
      "target_column_name": "เงินต้นก่อนแก้ไขหนี้",
      "data_type": "decimal(15,2)"
    },
    {
      "source_column_name": "ดอกเบี้ยก่อนแก้ไขหนี้",
      "target_column_name": "ดอกเบี้ยก่อนแก้ไขหนี้",
      "data_type": "decimal(15,2)"
    },
    {
      "source_column_name": "ยอดหนี้ก่อนแก้ไขหนี้",
      "target_column_name": "ยอดหนี้ก่อนแก้ไขหนี้",
      "data_type": "decimal(16,2)"
    },
    {
      "source_column_name": "grace_period",
      "target_column_name": "grace_period",
      "data_type": "string",
      "column_logic": "rtrim(grace_period)"
    },
    {
      "source_column_name": "วันค้างชำระ ก่อนแก้ไขหนี้",
      "target_column_name": "วันค้างชำระ ก่อนแก้ไขหนี้",
      "data_type": "smallint"
    },
    {
      "source_column_name": "manual_aging",
      "target_column_name": "manual_aging",
      "data_type": "string",
      "column_logic": "rtrim(manual_aging)"
    },
    {
      "source_column_name": "หมวดสาเหตุที่ขอแก้ไขหนี้",
      "target_column_name": "หมวดสาเหตุที่ขอแก้ไขหนี้",
      "data_type": "string",
      "column_logic": "rtrim(หมวดสาเหตุที่ขอแก้ไขหนี้)"
    },
    {
      "source_column_name": "รายละเอียดสาเหตุที่ขอแก้ไขหนี้",
      "target_column_name": "รายละเอียดสาเหตุที่ขอแก้ไขหนี้",
      "data_type": "string",
      "column_logic": "rtrim(รายละเอียดสาเหตุที่ขอแก้ไขหนี้)"
    },
    {
      "source_column_name": "ครั้งที่แก้ไขหนี้",
      "target_column_name": "ครั้งที่แก้ไขหนี้",
      "data_type": "smallint"
    },
    {
      "source_column_name": "เลขที่อนุมัติ",
      "target_column_name": "เลขที่อนุมัติ",
      "data_type": "string",
      "column_logic": "rtrim(เลขที่อนุมัติ)"
    },
    {
      "source_column_name": "วันที่อนุมัติให้แก้ไขหนี้",
      "target_column_name": "วันที่อนุมัติให้แก้ไขหนี้",
      "data_type": "string",
      "column_logic": "rtrim(วันที่อนุมัติให้แก้ไขหนี้)"
    },
    {
      "source_column_name": "ผู้มีอำนาจอนุมัติ",
      "target_column_name": "ผู้มีอำนาจอนุมัติ",
      "data_type": "string",
      "column_logic": "rtrim(ผู้มีอำนาจอนุมัติ)"
    },
    {
      "source_column_name": "วันลงนามบันทึกข้อตกลง/สัญญา",
      "target_column_name": "วันลงนามบันทึกข้อตกลง/สัญญา",
      "data_type": "string",
      "column_logic": "rtrim(วันลงนามบันทึกข้อตกลง/สัญญา)"
    },
    {
      "source_column_name": "วันที่บันทึกในระบบ",
      "target_column_name": "วันที่บันทึกในระบบ",
      "data_type": "string",
      "column_logic": "rtrim(วันที่บันทึกในระบบ)"
    },
    {
      "source_column_name": "วันที่อนุมัติในระบบ",
      "target_column_name": "วันที่อนุมัติในระบบ",
      "data_type": "string",
      "column_logic": "rtrim(วันที่อนุมัติในระบบ)"
    },
    {
      "source_column_name": "ผู้อนุมัติในระบบ",
      "target_column_name": "ผู้อนุมัติในระบบ",
      "data_type": "string",
      "column_logic": "rtrim(ผู้อนุมัติในระบบ)"
    },
    {
      "source_column_name": "ผลการปลด",
      "target_column_name": "ผลการปลด",
      "data_type": "string",
      "column_logic": "rtrim(ผลการปลด)"
    },
    {
      "source_column_name": "สาเหตุในการปลด",
      "target_column_name": "สาเหตุในการปลด",
      "data_type": "string",
      "column_logic": "rtrim(สาเหตุในการปลด)"
    },
    {
      "source_column_name": "ปลดด้วยวิธีการแก้ไขหนี้ที่",
      "target_column_name": "ปลดด้วยวิธีการแก้ไขหนี้ที่",
      "data_type": "string",
      "column_logic": "rtrim(ปลดด้วยวิธีการแก้ไขหนี้ที่)"
    },
    {
      "source_column_name": "ช่วงเวลาที่ใช้ในกการปลด",
      "target_column_name": "ช่วงเวลาที่ใช้ในกการปลด",
      "data_type": "smallint"
    },
    {
      "source_column_name": "วันที่ปลดสถานะ",
      "target_column_name": "วันที่ปลดสถานะ",
      "data_type": "string",
      "column_logic": "rtrim(วันที่ปลดสถานะ)"
    },
    {
      "source_column_name": "ผู้บันทึกปลดสถานะ",
      "target_column_name": "ผู้บันทึกปลดสถานะ",
      "data_type": "string",
      "column_logic": "rtrim(ผู้บันทึกปลดสถานะ)"
    },
    {
      "source_column_name": "data_date",
      "target_column_name": "data_date",
      "data_type": "string",
      "column_logic": "rtrim(data_date)"
    }
  ]
}