{
  "job_name": "ingest_mnul_cust_se_unknwn_idy_m",
  "job_info": {
    "source_name": "mnul",
    "raw_catalog_name": "mdp{{env}}",
    "raw_schema_name": "raw_mnul",
    "raw_table_name": "mnul_cust_se_unknwn_idy",
    "persist_catalog_name": "mdp{{env}}",
    "persist_schema_name": "persist_mnul",
    "persist_table_name": "mnul_cust_se_unknwn_idy"
  },
  "mapping": [
    {
      "source_column_name": "ip_id",
      "target_column_name": "ip_id",
      "data_type": "integer"
    },
    {
      "source_column_name": "se_fld_nm",
      "target_column_name": "se_fld_nm",
      "data_type": "string",
      "column_logic": "rtrim(se_fld_nm)"
    }
  ]
}