{
    "data_source": {
        "asset": "gcp_pir_detail_txn",
        "context_root_dir": "/Volumes/mdp{{env}}/artifact/data_quality/gx",
        "index_column_names": [
            "pos_dt",
            "pir_nmbr",
            "internal_txn_nmbr"
        ],
        "name": "gcp"
    },
    "expectation_suites": [
        {
            "expectation_suite_name": "tech_vld_suite_persist_gcp_gcp_pir_detail_txn",
            "expectations": [
                {
                    "expectation_type": "expect_compound_columns_to_be_unique",
                    "kwargs": {
                        "column_list": [
                            "pos_dt",
                            "pir_nmbr",
                            "internal_txn_nmbr"
                        ]
                    },
                    "meta": {
                        "level": "WARNING",
                        "rule_id": "TECH_VLD_0001"
                    }
                },
                {
                    "expectation_type": "expect_column_values_to_not_be_null",
                    "kwargs": {
                        "column": "pir_nmbr"
                    },
                    "meta": {
                        "level": "WARNING",
                        "rule_id": "TECH_VLD_0002"
                    }
                },
                {
                    "expectation_type": "expect_column_values_to_not_be_null",
                    "kwargs": {
                        "column": "internal_txn_nmbr"
                    },
                    "meta": {
                        "level": "WARNING",
                        "rule_id": "TECH_VLD_0002"
                    }
                }
            ]
        }
    ],
    "validators": [
        {
            "expectation_suite_name": "tech_vld_suite_persist_gcp_gcp_pir_detail_txn",
            "validator_name": "persist_gcp_gcp_pir_detail_txn_checkpoint"
        }
    ]
}